x,y,SPEED_MAX_GUST,CLIMATE_IDENTIFIER,MIN_REL_HUMIDITY_FLAG,MIN_TEMPERATURE_FLAG,MAX_TEMPERATURE_FLAG,STATION_NAME,TOTAL_RAIN_FLAG,TOTAL_SNOW,MIN_REL_HUMIDITY,TOTAL_PRECIPITATION,LOCAL_DATE,MEAN_TEMPERATURE_FLAG,HEATING_DEGREE_DAYS,DIRECTION_MAX_GUST,LOCAL_YEAR,TOTAL_PRECIPITATION_FLAG,MAX_REL_HUMIDITY,MEAN_TEMPERATURE,TOTAL_SNOW_FLAG,SNOW_ON_GROUND_FLAG,MAX_TEMPERATURE,HEATING_DEGREE_DAYS_FLAG,SNOW_ON_GROUND,SPEED_MAX_GUST_FLAG,ID,LOCAL_DAY,MAX_REL_HUMIDITY_FLAG,COOLING_DEGREE_DAYS_FLAG,LOCAL_MONTH,DIRECTION_MAX_GUST_FLAG,MIN_TEMPERATURE,PROVINCE_CODE,TOTAL_RAIN,COOLING_DEGREE_DAYS
-77.79307222222222,49.757783333333336,,7094637,,,,MATAGAMI,,,43,0,2023-04-14 00:00:00,,15.5,,2023,,88,2.5,,,7.3,,40,,7094637.2023.4.14,14,,,4,,-2.2,QC,,0
-77.79307222222222,49.757783333333336,,7094637,,,,MATAGAMI,,,26,0,2023-04-15 00:00:00,,7.2,,2023,,78,10.8,,,23,,37,,7094637.2023.4.15,15,,,4,,-1.4,QC,,0
-77.79307222222222,49.757783333333336,,7094637,,,,MATAGAMI,,,22,0,2023-04-16 00:00:00,,5.6,,2023,,81,12.4,,,25.1,,29,,7094637.2023.4.16,16,,,4,,-0.2,QC,,0
-77.79307222222222,49.757783333333336,,7094637,,,,MATAGAMI,,,61,7.7,2023-04-17 00:00:00,,10.3,,2023,,99,7.7,,,15,,21,,7094637.2023.4.17,17,,,4,,0.4,QC,,0
-77.79307222222222,49.757783333333336,36,7094637,,,,MATAGAMI,,,88,7.2,2023-04-18 00:00:00,,19.1,30,2023,,100,-1.1,,,2.8,,12,,7094637.2023.4.18,18,,,4,,-5.1,QC,,0
-77.79307222222222,49.757783333333336,32,7094637,,,,MATAGAMI,,,69,0.1,2023-04-19 00:00:00,,23.1,30,2023,,90,-5.1,,,-4.1,,10,,7094637.2023.4.19,19,,,4,,-6.2,QC,,0
-77.79307222222222,49.757783333333336,31,7094637,,,,MATAGAMI,,,53,0,2023-04-20 00:00:00,,19.5,31,2023,,95,-1.5,,,3,,10,,7094637.2023.4.20,20,,,4,,-5.9,QC,,0
-77.79307222222222,49.757783333333336,,7094637,,,,MATAGAMI,,,70,7.9,2023-04-21 00:00:00,,18.2,,2023,,99,-0.2,,,2,,8,,7094637.2023.4.21,21,,,4,,-2.5,QC,,0
-77.79307222222222,49.757783333333336,,7094637,,,,MATAGAMI,,,89,13.7,2023-04-22 00:00:00,,15,,2023,,99,3,,,4.8,,7,,7094637.2023.4.22,22,,,4,,1.3,QC,,0
-77.79307222222222,49.757783333333336,39,7094637,,,,MATAGAMI,,,68,2.4,2023-04-23 00:00:00,,14.2,20,2023,,99,3.8,,,8,,2,,7094637.2023.4.23,23,,,4,,-0.4,QC,,0
-77.79307222222222,49.757783333333336,,7094637,,,,MATAGAMI,,,85,2.4,2023-04-24 00:00:00,,18.1,,2023,,97,-0.1,,,1.7,,,,7094637.2023.4.24,24,,,4,,-1.8,QC,,0
-77.79307222222222,49.757783333333336,,7094637,,,,MATAGAMI,,,82,2.8,2023-04-25 00:00:00,,16.1,,2023,,99,1.9,,,5.7,,,,7094637.2023.4.25,25,,,4,,-1.9,QC,,0
-77.79307222222222,49.757783333333336,,7094637,,,,MATAGAMI,,,58,1.4,2023-04-26 00:00:00,,15.2,,2023,,99,2.8,,,7.4,,,,7094637.2023.4.26,26,,,4,,-1.8,QC,,0
-77.79307222222222,49.757783333333336,,7094637,,,,MATAGAMI,,,42,0,2023-04-27 00:00:00,,14.4,,2023,,96,3.6,,,8.9,,,,7094637.2023.4.27,27,,,4,,-1.7,QC,,0
-77.79307222222222,49.757783333333336,33,7094637,,,,MATAGAMI,,,33,0,2023-04-28 00:00:00,,8.9,17,2023,,79,9.1,,,16,,,,7094637.2023.4.28,28,,,4,,2.2,QC,,0
-77.79307222222222,49.757783333333336,44,7094637,,,,MATAGAMI,,,38,2,2023-04-29 00:00:00,,7.8,17,2023,,92,10.2,,,15.6,,,,7094637.2023.4.29,29,,,4,,4.8,QC,,0
-77.79307222222222,49.757783333333336,34,7094637,,,,MATAGAMI,,,70,6.1,2023-04-30 00:00:00,,9.6,10,2023,,97,8.4,,,11.2,,,,7094637.2023.4.30,30,,,4,,5.5,QC,,0
-77.79307222222222,49.757783333333336,60,7094637,,,,MATAGAMI,,,83,9,2023-05-01 00:00:00,,11.8,14,2023,,97,6.2,,,8.4,,,,7094637.2023.5.1,1,,,5,,4.1,QC,,0
-77.79307222222222,49.757783333333336,34,7094637,,,,MATAGAMI,,,49,0,2023-05-02 00:00:00,,11,11,2023,,97,7,,,12.6,,,,7094637.2023.5.2,2,,,5,,1.4,QC,,0
-77.79307222222222,49.757783333333336,,7094637,,,,MATAGAMI,,,52,0,2023-05-03 00:00:00,,9.2,,2023,,84,8.8,,,13.6,,,,7094637.2023.5.3,3,,,5,,4.1,QC,,0
-77.79307222222222,49.757783333333336,34,7094637,,,,MATAGAMI,,,42,0,2023-05-04 00:00:00,,9.1,12,2023,,87,8.9,,,14,,,,7094637.2023.5.4,4,,,5,,3.8,QC,,0
-77.79307222222222,49.757783333333336,,7094637,,,,MATAGAMI,,,31,0,2023-05-05 00:00:00,,8.2,,2023,,94,9.8,,,17.8,,,,7094637.2023.5.5,5,,,5,,1.9,QC,,0
-77.79307222222222,49.757783333333336,39,7094637,,,,MATAGAMI,,,25,0,2023-05-06 00:00:00,,7,34,2023,,85,11,,,20.1,,,,7094637.2023.5.6,6,,,5,,1.9,QC,,0
-77.79307222222222,49.757783333333336,47,7094637,,,,MATAGAMI,,,36,0,2023-05-07 00:00:00,,11.6,33,2023,,93,6.4,,,14.5,,,,7094637.2023.5.7,7,,,5,,-1.7,QC,,0
-77.79307222222222,49.757783333333336,41,7094637,,,,MATAGAMI,,,32,0,2023-05-08 00:00:00,,14.1,32,2023,,91,3.9,,,10.3,,,,7094637.2023.5.8,8,,,5,,-2.4,QC,,0
-77.79307222222222,49.757783333333336,33,7094637,,,,MATAGAMI,,,21,0,2023-05-09 00:00:00,,12.5,33,2023,,83,5.5,,,15.7,,,,7094637.2023.5.9,9,,,5,,-4.7,QC,,0
-77.79307222222222,49.757783333333336,59,7094637,,,,MATAGAMI,,,29,0,2023-05-10 00:00:00,,7.9,31,2023,,81,10.1,,,21.1,,,,7094637.2023.5.10,10,,,5,,-0.9,QC,,0
-77.79307222222222,49.757783333333336,49,7094637,,,,MATAGAMI,,,27,5,2023-05-11 00:00:00,,4.7,31,2023,,98,13.3,,,23.6,,,,7094637.2023.5.11,11,,,5,,3,QC,,0
-77.79307222222222,49.757783333333336,62,7094637,,,,MATAGAMI,,,58,0,2023-05-12 00:00:00,,10.2,32,2023,,98,7.8,,,12.2,,,,7094637.2023.5.12,12,,,5,,3.4,QC,,0
-77.79307222222222,49.757783333333336,45,7094637,,,,MATAGAMI,,,66,0,2023-05-13 00:00:00,,15.5,32,2023,,91,2.5,,,6.4,,,,7094637.2023.5.13,13,,,5,,-1.3,QC,,0
-77.79307222222222,49.757783333333336,35,7094637,,,,MATAGAMI,,,29,0,2023-05-14 00:00:00,,10.3,33,2023,,94,7.7,,,17.4,,,,7094637.2023.5.14,14,,,5,,-2.1,QC,,0
-77.79307222222222,49.757783333333336,39,7094637,,,,MATAGAMI,,,40,2.1,2023-05-15 00:00:00,,12.6,30,2023,,96,5.4,,,12,,,,7094637.2023.5.15,15,,,5,,-1.3,QC,,0
-77.79307222222222,49.757783333333336,49,7094637,,,,MATAGAMI,,,57,0.2,2023-05-16 00:00:00,,20.3,32,2023,,93,-2.3,,,0.5,,,,7094637.2023.5.16,16,,,5,,-5,QC,,0
-77.79307222222222,49.757783333333336,36,7094637,,,,MATAGAMI,,,55,0,2023-05-17 00:00:00,,21.7,34,2023,,89,-3.7,,,0,,,,7094637.2023.5.17,17,,,5,,-7.5,QC,,0
-77.79307222222222,49.757783333333336,,7094637,,,,MATAGAMI,,,21,0,2023-05-18 00:00:00,,16.3,,2023,,92,1.7,,,12.4,,,,7094637.2023.5.18,18,,,5,,-9,QC,,0
-77.79307222222222,49.757783333333336,,7094637,,,,MATAGAMI,,,38,2.5,2023-05-19 00:00:00,,10.9,,2023,,97,7.1,,,9.3,,,,7094637.2023.5.19,19,,,5,,4.9,QC,,0
-77.79307222222222,49.757783333333336,,7094637,,,,MATAGAMI,,,27,0,2023-05-20 00:00:00,,8.9,,2023,,99,9.1,,,19,,,,7094637.2023.5.20,20,,,5,,-0.8,QC,,0
-77.79307222222222,49.757783333333336,47,7094637,,,,MATAGAMI,,,42,0,2023-05-21 00:00:00,,17.1,33,2023,,87,0.9,,,6.5,,,,7094637.2023.5.21,21,,,5,,-4.6,QC,,0
-77.79307222222222,49.757783333333336,,7094637,,,,MATAGAMI,,,21,0,2023-05-22 00:00:00,,14.4,,2023,,91,3.6,,,14.7,,,,7094637.2023.5.22,22,,,5,,-7.4,QC,,0
-77.79307222222222,49.757783333333336,62,7094637,,,,MATAGAMI,,,44,7,2023-05-23 00:00:00,,9.2,31,2023,,95,8.8,,,19.6,,,,7094637.2023.5.23,23,,,5,,-2.1,QC,,0
-77.79307222222222,49.757783333333336,41,7094637,,,,MATAGAMI,,,50,0,2023-05-24 00:00:00,,16.9,30,2023,,89,1.1,,,5.1,,,,7094637.2023.5.24,24,,,5,,-2.9,QC,,0
-77.79307222222222,49.757783333333336,34,7094637,,,,MATAGAMI,,,26,0,2023-05-25 00:00:00,,12.6,31,2023,,94,5.4,,,15.5,,,,7094637.2023.5.25,25,,,5,,-4.8,QC,,0
-77.79307222222222,49.757783333333336,32,7094637,,,,MATAGAMI,,,17,0,2023-05-26 00:00:00,,6,23,2023,,91,12,,,24.2,,,,7094637.2023.5.26,26,,,5,,-0.2,QC,,0
-77.79307222222222,49.757783333333336,45,7094637,,,,MATAGAMI,,,20,0,2023-05-27 00:00:00,,0,30,2023,,77,22.6,,,31,,,,7094637.2023.5.27,27,,,5,,14.3,QC,,4.6
-77.79307222222222,49.757783333333336,35,7094637,,,,MATAGAMI,,,33,0,2023-05-28 00:00:00,,6.2,31,2023,,94,11.8,,,18.8,,,,7094637.2023.5.28,28,,,5,,4.8,QC,,0
-77.79307222222222,49.757783333333336,,7094637,,,,MATAGAMI,,,18,0,2023-05-29 00:00:00,,3.6,,2023,,85,14.4,,,25.4,,,,7094637.2023.5.29,29,,,5,,3.5,QC,,0
-77.79307222222222,49.757783333333336,44,7094637,,,,MATAGAMI,,,20,0,2023-05-30 00:00:00,,0,26,2023,,58,20.9,,,32.4,,,,7094637.2023.5.30,30,,,5,,9.4,QC,,2.9
-77.79307222222222,49.757783333333336,41,7094637,,,,MATAGAMI,,,21,0,2023-05-31 00:00:00,,0,25,2023,,62,24.8,,,32.6,,,,7094637.2023.5.31,31,,,5,,16.9,QC,,6.8
-77.79307222222222,49.757783333333336,36,7094637,,,,MATAGAMI,,,32,0,2023-06-01 00:00:00,,0,11,2023,,82,22.9,,,31.5,,,,7094637.2023.6.1,1,,,6,,14.4,QC,,4.9
-77.79307222222222,49.757783333333336,31,7094637,,,,MATAGAMI,,,17,0,2023-06-02 00:00:00,,0.4,7,2023,,88,17.6,,,25.7,,,,7094637.2023.6.2,2,,,6,,9.5,QC,,0
-77.79307222222222,49.757783333333336,34,7094637,,,,MATAGAMI,,,18,0,2023-06-03 00:00:00,,2,2,2023,,67,16,,,23.9,,,,7094637.2023.6.3,3,,,6,,8,QC,,0
-77.79307222222222,49.757783333333336,,7094637,,,,MATAGAMI,,,18,0,2023-06-04 00:00:00,,2.8,,2023,,85,15.2,,,25.5,,,,7094637.2023.6.4,4,,,6,,4.8,QC,,0
-77.79307222222222,49.757783333333336,46,7094637,,,,MATAGAMI,,,28,0,2023-06-05 00:00:00,,4.9,33,2023,,84,13.1,,,21,,,,7094637.2023.6.5,5,,,6,,5.2,QC,,0
-77.79307222222222,49.757783333333336,40,7094637,,,,MATAGAMI,,,20,0,2023-06-06 00:00:00,,7.7,35,2023,,93,10.3,,,18.7,,,,7094637.2023.6.6,6,,,6,,1.9,QC,,0
-77.79307222222222,49.757783333333336,39,7094637,,,,MATAGAMI,,,38,0,2023-06-07 00:00:00,,5.5,1,2023,,76,12.5,,,19.6,,,,7094637.2023.6.7,7,,,6,,5.4,QC,,0
-77.79307222222222,49.757783333333336,,7094637,,,,MATAGAMI,,,33,0,2023-06-08 00:00:00,,2.2,,2023,,82,15.8,,,22.3,,,,7094637.2023.6.8,8,,,6,,9.2,QC,,0
-77.79307222222222,49.757783333333336,,7094637,,,,MATAGAMI,,,47,0,2023-06-09 00:00:00,,2.2,,2023,,93,15.8,,,22,,,,7094637.2023.6.9,9,,,6,,9.6,QC,,0
-77.79307222222222,49.757783333333336,34,7094637,,,,MATAGAMI,,,70,0.6,2023-06-10 00:00:00,,8.7,32,2023,,94,9.3,,,15.8,,,,7094637.2023.6.10,10,,,6,,2.9,QC,,0
-77.79307222222222,49.757783333333336,,7094637,,,,MATAGAMI,,,44,0,2023-06-11 00:00:00,,6.7,,2023,,93,11.3,,,21.1,,,,7094637.2023.6.11,11,,,6,,1.4,QC,,0
-77.79307222222222,49.757783333333336,32,7094637,,,,MATAGAMI,,,33,0,2023-06-12 00:00:00,,1.6,8,2023,,93,16.4,,,26.2,,,,7094637.2023.6.12,12,,,6,,6.7,QC,,0
-77.79307222222222,49.757783333333336,32,7094637,,,,MATAGAMI,,,39,0,2023-06-13 00:00:00,,0,9,2023,,97,20.2,,,27.2,,,,7094637.2023.6.13,13,,,6,,13.2,QC,,2.2
-77.79307222222222,49.757783333333336,,7094637,,,,MATAGAMI,,,73,0,2023-06-14 00:00:00,,4.5,,2023,,99,13.5,,,19.1,,,,7094637.2023.6.14,14,,,6,,7.9,QC,,0
-77.79307222222222,49.757783333333336,31,7094637,,,,MATAGAMI,,,67,0,2023-06-15 00:00:00,,6.4,32,2023,,99,11.6,,,17.1,,,,7094637.2023.6.15,15,,,6,,6.1,QC,,0
-77.79307222222222,49.757783333333336,35,7094637,,,,MATAGAMI,,,30,0,2023-06-16 00:00:00,,5.2,34,2023,,96,12.8,,,21.6,,,,7094637.2023.6.16,16,,,6,,4.1,QC,,0
-77.79307222222222,49.757783333333336,,7094637,,,,MATAGAMI,,,40,0,2023-06-17 00:00:00,,5.1,,2023,,94,12.9,,,22.2,,,,7094637.2023.6.17,17,,,6,,3.6,QC,,0
-77.79307222222222,49.757783333333336,,7094637,,,,MATAGAMI,,,49,0,2023-06-18 00:00:00,,1.7,,2023,,97,16.3,,,23.2,,,,7094637.2023.6.18,18,,,6,,9.4,QC,,0
-77.79307222222222,49.757783333333336,,7094637,,,,MATAGAMI,,,27,0,2023-06-19 00:00:00,,0,,2023,,92,18.5,,,27.5,,,,7094637.2023.6.19,19,,,6,,9.4,QC,,0.5
-77.79307222222222,49.757783333333336,,7094637,,,,MATAGAMI,,,22,0,2023-06-20 00:00:00,,0,,2023,,82,20.1,,,30.5,,,,7094637.2023.6.20,20,,,6,,9.7,QC,,2.1
-77.79307222222222,49.757783333333336,,7094637,,,,MATAGAMI,,,24,0,2023-06-21 00:00:00,,0,,2023,,78,23.6,,,33.4,,,,7094637.2023.6.21,21,,,6,,13.7,QC,,5.6
-77.79307222222222,49.757783333333336,40,7094637,,,,MATAGAMI,,,23,0,2023-06-22 00:00:00,,0,21,2023,,76,23.2,,,32.4,,,,7094637.2023.6.22,22,,,6,,13.9,QC,,5.2
-77.79307222222222,49.757783333333336,44,7094637,,,,MATAGAMI,,,26,0,2023-06-23 00:00:00,,0,20,2023,,81,24.1,,,32.1,,,,7094637.2023.6.23,23,,,6,,16,QC,,6.1
-77.79307222222222,49.757783333333336,37,7094637,,,,MATAGAMI,,,32,1,2023-06-24 00:00:00,,0.1,34,2023,,93,17.9,,,26.1,,,,7094637.2023.6.24,24,,,6,,9.7,QC,,0
-77.79307222222222,49.757783333333336,,7094637,,,,MATAGAMI,,,23,0,2023-06-25 00:00:00,,2.1,,2023,,99,15.9,,,25.7,,,,7094637.2023.6.25,25,,,6,,6,QC,,0
-77.79307222222222,49.757783333333336,,7094637,,,,MATAGAMI,,,51,8.2,2023-06-26 00:00:00,,0,,2023,,98,19.5,,,24,,,,7094637.2023.6.26,26,,,6,,15,QC,,1.5
-77.79307222222222,49.757783333333336,38,7094637,,,,MATAGAMI,,,95,20.2,2023-06-27 00:00:00,,5.5,34,2023,,98,12.5,,,18,,,,7094637.2023.6.27,27,,,6,,7,QC,,0
-77.79307222222222,49.757783333333336,38,7094637,,,,MATAGAMI,,,34,0,2023-06-28 00:00:00,,3.6,32,2023,,95,14.4,,,22.9,,,,7094637.2023.6.28,28,,,6,,5.9,QC,,0
-77.79307222222222,49.757783333333336,,7094637,,,,MATAGAMI,,,35,0,2023-06-29 00:00:00,,1.9,,2023,,95,16.1,,,26.1,,,,7094637.2023.6.29,29,,,6,,6.1,QC,,0
-77.79307222222222,49.757783333333336,34,7094637,,,,MATAGAMI,,,43,1.6,2023-06-30 00:00:00,,0,15,2023,,88,19,,,25.9,,,,7094637.2023.6.30,30,,,6,,12,QC,,1
-77.79307222222222,49.757783333333336,32,7094637,,,,MATAGAMI,,,54,1.1,2023-07-01 00:00:00,,0,27,2023,,97,19.7,,,24.9,,,,7094637.2023.7.1,1,,,7,,14.4,QC,,1.7
-77.79307222222222,49.757783333333336,,7094637,,,,MATAGAMI,,,48,0,2023-07-02 00:00:00,,0,,2023,,99,20.8,,,27.6,,,,7094637.2023.7.2,2,,,7,,14,QC,,2.8
-77.79307222222222,49.757783333333336,,7094637,,,,MATAGAMI,,,34,0,2023-07-03 00:00:00,,0,,2023,,97,21.9,,,30.1,,,,7094637.2023.7.3,3,,,7,,13.6,QC,,3.9
-77.79307222222222,49.757783333333336,,7094637,,,,MATAGAMI,,,30,0,2023-07-04 00:00:00,,0,,2023,,92,23.7,,,33.5,,,,7094637.2023.7.4,4,,,7,,13.9,QC,,5.7
-77.79307222222222,49.757783333333336,47,7094637,,,,MATAGAMI,,,28,0.3,2023-07-05 00:00:00,,0,29,2023,,94,25.1,,,33.2,,,,7094637.2023.7.5,5,,,7,,17.1,QC,,7.1
-77.79307222222222,49.757783333333336,,7094637,,,,MATAGAMI,,,77,3.4,2023-07-06 00:00:00,,3,,2023,,98,15,,,19,,,,7094637.2023.7.6,6,,,7,,10.9,QC,,0
-77.79307222222222,49.757783333333336,,7094637,,,,MATAGAMI,,,38,0,2023-07-07 00:00:00,,0,,2023,,96,18,,,24.6,,,,7094637.2023.7.7,7,,,7,,11.5,QC,,0
-77.79307222222222,49.757783333333336,35,7094637,,,,MATAGAMI,,,34,5.1,2023-07-08 00:00:00,,0,30,2023,,96,18.6,,,26.2,,,,7094637.2023.7.8,8,,,7,,11,QC,,0.6
-77.79307222222222,49.757783333333336,,7094637,,,,MATAGAMI,,,63,4.4,2023-07-09 00:00:00,,1.4,,2023,,98,16.6,,,23,,,,7094637.2023.7.9,9,,,7,,10.3,QC,,0
-77.79307222222222,49.757783333333336,48,7094637,,,,MATAGAMI,,,38,8.1,2023-07-10 00:00:00,,0,29,2023,,99,20.3,,,27.4,,,,7094637.2023.7.10,10,,,7,,13.1,QC,,2.3
-77.79307222222222,49.757783333333336,35,7094637,,,,MATAGAMI,,,38,0,2023-07-11 00:00:00,,0.4,30,2023,,100,17.6,,,23.9,,,,7094637.2023.7.11,11,,,7,,11.3,QC,,0
-77.79307222222222,49.757783333333336,,7094637,,,,MATAGAMI,,,40,0,2023-07-12 00:00:00,,3.3,,2023,,97,14.7,,,20.7,,,,7094637.2023.7.12,12,,,7,,8.8,QC,,0
-77.79307222222222,49.757783333333336,38,7094637,,,,MATAGAMI,,,57,4.2,2023-07-13 00:00:00,,3.4,14,2023,,97,14.6,,,22.1,,,,7094637.2023.7.13,13,,,7,,7.1,QC,,0
-77.79307222222222,49.757783333333336,36,7094637,,,,MATAGAMI,,,32,0,2023-07-14 00:00:00,,0,25,2023,,99,18.5,,,26.9,,,,7094637.2023.7.14,14,,,7,,10.2,QC,,0.5
-77.79307222222222,49.757783333333336,56,7094637,,,,MATAGAMI,,,55,5.8,2023-07-15 00:00:00,,0,21,2023,,98,21.1,,,26.8,,,,7094637.2023.7.15,15,,,7,,15.3,QC,,3.1
-77.79307222222222,49.757783333333336,,7094637,,,,MATAGAMI,,,57,0,2023-07-16 00:00:00,,0,,2023,,99,20.4,,,25.4,,,,7094637.2023.7.16,16,,,7,,15.4,QC,,2.4
-77.79307222222222,49.757783333333336,40,7094637,,,,MATAGAMI,,,50,0,2023-07-17 00:00:00,,0.2,24,2023,,97,17.8,,,23.2,,,,7094637.2023.7.17,17,,,7,,12.4,QC,,0
-77.79307222222222,49.757783333333336,37,7094637,,,,MATAGAMI,,,47,0.6,2023-07-18 00:00:00,,0.9,24,2023,,97,17.1,,,23.3,,,,7094637.2023.7.18,18,,,7,,10.8,QC,,0
-77.79307222222222,49.757783333333336,,7094637,,,,MATAGAMI,,,64,2,2023-07-19 00:00:00,,4.9,,2023,,97,13.1,,,16.9,,,,7094637.2023.7.19,19,,,7,,9.3,QC,,0
-77.79307222222222,49.757783333333336,46,7094637,,,,MATAGAMI,,,48,21.7,2023-07-20 00:00:00,,1.1,19,2023,,99,16.9,,,24.5,,,,7094637.2023.7.20,20,,,7,,9.4,QC,,0
-77.79307222222222,49.757783333333336,35,7094637,,,,MATAGAMI,,,32,0,2023-07-21 00:00:00,,3.3,32,2023,,99,14.7,,,21.1,,,,7094637.2023.7.21,21,,,7,,8.3,QC,,0
-77.79307222222222,49.757783333333336,33,7094637,,,,MATAGAMI,,,25,0,2023-07-22 00:00:00,,2.7,28,2023,,95,15.3,,,24.9,,,,7094637.2023.7.22,22,,,7,,5.7,QC,,0
-77.79307222222222,49.757783333333336,50,7094637,,,,MATAGAMI,,,31,3.1,2023-07-23 00:00:00,,0,33,2023,,97,18.5,,,28.2,,,,7094637.2023.7.23,23,,,7,,8.7,QC,,0.5
-77.79307222222222,49.757783333333336,,7094637,,,,MATAGAMI,,,67,2.4,2023-07-24 00:00:00,,3.4,,2023,,99,14.6,,,19.6,,,,7094637.2023.7.24,24,,,7,,9.6,QC,,0
-77.79307222222222,49.757783333333336,33,7094637,,,,MATAGAMI,,,35,0,2023-07-25 00:00:00,,1.5,28,2023,,99,16.5,,,25.4,,,,7094637.2023.7.25,25,,,7,,7.6,QC,,0
-77.79307222222222,49.757783333333336,38,7094637,,,,MATAGAMI,,,39,0,2023-07-26 00:00:00,,0,23,2023,,96,18.5,,,26.2,,,,7094637.2023.7.26,26,,,7,,10.7,QC,,0.5
-77.79307222222222,49.757783333333336,45,7094637,,,,MATAGAMI,,,43,6.1,2023-07-27 00:00:00,,2.8,32,2023,,98,15.2,,,24.1,,,,7094637.2023.7.27,27,,,7,,6.3,QC,,0
-77.79307222222222,49.757783333333336,45,7094637,,,,MATAGAMI,,,65,0.4,2023-07-28 00:00:00,,4.8,32,2023,,97,13.2,,,17.9,,,,7094637.2023.7.28,28,,,7,,8.4,QC,,0
-77.79307222222222,49.757783333333336,,7094637,,,,MATAGAMI,,,60,0.4,2023-07-29 00:00:00,,5.1,,2023,,97,12.9,,,19.2,,,,7094637.2023.7.29,29,,,7,,6.5,QC,,0
-77.79307222222222,49.757783333333336,40,7094637,,,,MATAGAMI,,,47,0,2023-07-30 00:00:00,,5.6,32,2023,,98,12.4,,,18.9,,,,7094637.2023.7.30,30,,,7,,6,QC,,0
-77.79307222222222,49.757783333333336,41,7094637,,,,MATAGAMI,,,49,0,2023-07-31 00:00:00,,6.4,30,2023,,99,11.6,,,17.2,,,,7094637.2023.7.31,31,,,7,,5.9,QC,,0
-77.79307222222222,49.757783333333336,,7094637,,,,MATAGAMI,,,35,0,2023-08-01 00:00:00,,5.1,,2023,,97,12.9,,,20.7,,,,7094637.2023.8.1,1,,,8,,5.1,QC,,0
-77.79307222222222,49.757783333333336,45,7094637,,,,MATAGAMI,,,35,4.4,2023-08-02 00:00:00,,2.2,23,2023,,97,15.8,,,25,,,,7094637.2023.8.2,2,,,8,,6.6,QC,,0
-77.79307222222222,49.757783333333336,,7094637,,,,MATAGAMI,,,49,0,2023-08-03 00:00:00,,1.1,,2023,,99,16.9,,,22.7,,,,7094637.2023.8.3,3,,,8,,11.1,QC,,0
-77.79307222222222,49.757783333333336,40,7094637,,,,MATAGAMI,,,59,0,2023-08-04 00:00:00,,2.9,30,2023,,98,15.1,,,19.9,,,,7094637.2023.8.4,4,,,8,,10.2,QC,,0
-77.79307222222222,49.757783333333336,38,7094637,,,,MATAGAMI,,,38,0,2023-08-05 00:00:00,,2.1,32,2023,,99,15.9,,,23.6,,,,7094637.2023.8.5,5,,,8,,8.3,QC,,0
-77.79307222222222,49.757783333333336,,7094637,,,,MATAGAMI,,,32,0,2023-08-06 00:00:00,,3,,2023,,96,15,,,25.2,,,,7094637.2023.8.6,6,,,8,,4.7,QC,,0
-77.79307222222222,49.757783333333336,,7094637,,,,MATAGAMI,,,38,0,2023-08-07 00:00:00,,0.1,,2023,,82,17.9,,,23.8,,,,7094637.2023.8.7,7,,,8,,12.1,QC,,0
-77.79307222222222,49.757783333333336,,7094637,,,,MATAGAMI,,,32,0,2023-08-08 00:00:00,,0.6,,2023,,95,17.4,,,26.1,,,,7094637.2023.8.8,8,,,8,,8.6,QC,,0
-77.79307222222222,49.757783333333336,38,7094637,,,,MATAGAMI,,,45,10.1,2023-08-09 00:00:00,,0,29,2023,,98,19,,,26.3,,,,7094637.2023.8.9,9,,,8,,11.7,QC,,1
-77.79307222222222,49.757783333333336,41,7094637,,,,MATAGAMI,,,60,21.5,2023-08-10 00:00:00,,0.9,28,2023,,99,17.1,,,22.7,,,,7094637.2023.8.10,10,,,8,,11.5,QC,,0
-77.79307222222222,49.757783333333336,40,7094637,,,,MATAGAMI,,,88,0,2023-08-11 00:00:00,,6.4,30,2023,,98,11.6,,,13.1,,,,7094637.2023.8.11,11,,,8,,10.1,QC,,0
-77.79307222222222,49.757783333333336,,7094637,,,,MATAGAMI,,,65,0.3,2023-08-12 00:00:00,,3.2,,2023,,99,14.8,,,19.4,,,,7094637.2023.8.12,12,,,8,,10.2,QC,,0
-77.79307222222222,49.757783333333336,31,7094637,,,,MATAGAMI,,,75,3,2023-08-13 00:00:00,,3,35,2023,,99,15,,,19.7,,,,7094637.2023.8.13,13,,,8,,10.3,QC,,0
-77.79307222222222,49.757783333333336,,7094637,,,,MATAGAMI,,,67,0,2023-08-14 00:00:00,,3.3,,2023,,100,14.7,,,20.5,,,,7094637.2023.8.14,14,,,8,,8.9,QC,,0
-77.79307222222222,49.757783333333336,,7094637,,,,MATAGAMI,,,39,0,2023-08-15 00:00:00,,3,,2023,,97,15,,,22.9,,,,7094637.2023.8.15,15,,,8,,7,QC,,0
-77.79307222222222,49.757783333333336,,7094637,,,,MATAGAMI,,,61,0,2023-08-16 00:00:00,,1,,2023,,86,17,,,22.6,,,,7094637.2023.8.16,16,,,8,,11.4,QC,,0
-77.79307222222222,49.757783333333336,58,7094637,,,,MATAGAMI,,,40,6,2023-08-17 00:00:00,,0,16,2023,,95,21.9,,,27.2,,,,7094637.2023.8.17,17,,,8,,16.6,QC,,3.9
-77.79307222222222,49.757783333333336,48,7094637,,,,MATAGAMI,,,92,7.3,2023-08-18 00:00:00,,4.3,32,2023,,98,13.7,,,16.8,,,,7094637.2023.8.18,18,,,8,,10.6,QC,,0
-77.79307222222222,49.757783333333336,35,7094637,,,,MATAGAMI,,,33,0,2023-08-19 00:00:00,,1.4,32,2023,,96,16.6,,,23.1,,,,7094637.2023.8.19,19,,,8,,10.1,QC,,0
-77.79307222222222,49.757783333333336,45,7094637,,,,MATAGAMI,,,72,0,2023-08-20 00:00:00,,2.8,30,2023,,96,15.2,,,22.6,,,,7094637.2023.8.20,20,,,8,,7.9,QC,,0
-77.79307222222222,49.757783333333336,40,7094637,,,,MATAGAMI,,,43,0.8,2023-08-21 00:00:00,,3.4,31,2023,,99,14.6,,,22.6,,,,7094637.2023.8.21,21,,,8,,6.5,QC,,0
-77.79307222222222,49.757783333333336,,7094637,,,,MATAGAMI,,,48,0,2023-08-22 00:00:00,,4.2,,2023,,99,13.8,,,22.7,,,,7094637.2023.8.22,22,,,8,,5,QC,,0
-77.79307222222222,49.757783333333336,,7094637,,,,MATAGAMI,,,38,0,2023-08-23 00:00:00,,1.2,,2023,,95,16.8,,,24.7,,,,7094637.2023.8.23,23,,,8,,9,QC,,0
-77.79307222222222,49.757783333333336,,7094637,M,M,M,MATAGAMI,,,,,2023-08-24 00:00:00,M,,,2023,M,,,,,,M,,M,7094637.2023.8.24,24,M,M,8,M,,QC,,
-77.79307222222222,49.757783333333336,37,7094637,,,,MATAGAMI,,,72,0.8,2023-08-25 00:00:00,,4.3,32,2023,,99,13.7,,,19,,,,7094637.2023.8.25,25,,,8,,8.4,QC,,0
-77.79307222222222,49.757783333333336,37,7094637,,,,MATAGAMI,,,42,0,2023-08-26 00:00:00,,6.8,32,2023,,98,11.2,,,17.7,,,,7094637.2023.8.26,26,,,8,,4.7,QC,,0
-77.79307222222222,49.757783333333336,,7094637,,,,MATAGAMI,,,38,0,2023-08-27 00:00:00,,5.3,,2023,,99,12.7,,,21.1,,,,7094637.2023.8.27,27,,,8,,4.4,QC,,0
-77.79307222222222,49.757783333333336,36,7094637,,,,MATAGAMI,,,23,0,2023-08-28 00:00:00,,3.6,24,2023,,89,14.4,,,23.2,,,,7094637.2023.8.28,28,,,8,,5.6,QC,,0
-77.79307222222222,49.757783333333336,,7094637,,,,MATAGAMI,,,80,4.1,2023-08-29 00:00:00,,7.6,,2023,,97,10.4,,,14.4,,,,7094637.2023.8.29,29,,,8,,6.5,QC,,0
-77.79307222222222,49.757783333333336,35,7094637,,,,MATAGAMI,,,46,0,2023-08-30 00:00:00,,9.9,32,2023,,98,8.1,,,14.7,,,,7094637.2023.8.30,30,,,8,,1.5,QC,,0
-77.79307222222222,49.757783333333336,41,7094637,,,,MATAGAMI,,,49,0,2023-08-31 00:00:00,,6.7,30,2023,,97,11.3,,,17,,,,7094637.2023.8.31,31,,,8,,5.5,QC,,0
-77.79307222222222,49.757783333333336,41,7094637,,,,MATAGAMI,,,40,0,2023-09-01 00:00:00,,3,21,2023,,93,15,,,24.6,,,,7094637.2023.9.1,1,,,9,,5.4,QC,,0
-77.79307222222222,49.757783333333336,40,7094637,,,,MATAGAMI,,,52,0.6,2023-09-02 00:00:00,,0,20,2023,,83,20.5,,,25.9,,,,7094637.2023.9.2,2,,,9,,15,QC,,2.5
-77.79307222222222,49.757783333333336,49,7094637,,,,MATAGAMI,,,36,0,2023-09-03 00:00:00,,0,21,2023,,89,23.9,,,31.8,,,,7094637.2023.9.3,3,,,9,,16.1,QC,,5.9
-77.79307222222222,49.757783333333336,,7094637,,,,MATAGAMI,,,27,0,2023-09-04 00:00:00,,0,,2023,,98,18.7,,,26.9,,,M,7094637.2023.9.4,4,,,9,M,10.5,QC,,0.7
-77.79307222222222,49.757783333333336,34,7094637,,,,MATAGAMI,,,33,0,2023-09-05 00:00:00,,0,23,2023,,93,25.1,,,33.2,,,,7094637.2023.9.5,5,,,9,,17,QC,,7.1
-77.79307222222222,49.757783333333336,38,7094637,,,,MATAGAMI,,,56,18.5,2023-09-06 00:00:00,,0,29,2023,,98,21.4,,,30.5,,,,7094637.2023.9.6,6,,,9,,12.2,QC,,3.4
-77.79307222222222,49.757783333333336,37,7094637,,,,MATAGAMI,,,95,41.1,2023-09-07 00:00:00,,7.4,35,2023,,98,10.6,,,12.2,,,,7094637.2023.9.7,7,,,9,,8.9,QC,,0
-77.79307222222222,49.757783333333336,32,7094637,,,,MATAGAMI,,,59,5.4,2023-09-08 00:00:00,,6.8,32,2023,,97,11.2,,,17.3,,,,7094637.2023.9.8,8,,,9,,5.2,QC,,0
-77.79307222222222,49.757783333333336,,7094637,,,,MATAGAMI,,,35,0,2023-09-09 00:00:00,,7.4,,2023,,97,10.6,,,19.6,,,,7094637.2023.9.9,9,,,9,,1.6,QC,,0
-77.79307222222222,49.757783333333336,,7094637,,,,MATAGAMI,,,40,0,2023-09-10 00:00:00,,5.9,,2023,,96,12.1,,,20.2,,,,7094637.2023.9.10,10,,,9,,4,QC,,0
-77.79307222222222,49.757783333333336,,7094637,,,,MATAGAMI,,,37,0,2023-09-11 00:00:00,,4.6,,2023,,95,13.4,,,20,,,,7094637.2023.9.11,11,,,9,,6.9,QC,,0
-77.79307222222222,49.757783333333336,,7094637,,,,MATAGAMI,,,92,16.9,2023-09-12 00:00:00,,8.8,,2023,,97,9.2,,,11.8,,,,7094637.2023.9.12,12,,,9,,6.5,QC,,0
-77.79307222222222,49.757783333333336,31,7094637,,,,MATAGAMI,,,96,7.5,2023-09-13 00:00:00,,7.6,31,2023,,98,10.4,,,12.2,,,,7094637.2023.9.13,13,,,9,,8.5,QC,,0
-77.79307222222222,49.757783333333336,37,7094637,,,,MATAGAMI,,,37,0,2023-09-14 00:00:00,,5,31,2023,,94,13,,,18.8,,,,7094637.2023.9.14,14,,,9,,7.2,QC,,0
-77.79307222222222,49.757783333333336,35,7094637,,,,MATAGAMI,,,42,0,2023-09-15 00:00:00,,5.4,21,2023,,95,12.6,,,20.5,,,,7094637.2023.9.15,15,,,9,,4.8,QC,,0
-77.79307222222222,49.757783333333336,,7094637,,,,MATAGAMI,,,56,0,2023-09-16 00:00:00,,3.3,,2023,,99,14.7,,,21.8,,,,7094637.2023.9.16,16,,,9,,7.6,QC,,0
-77.79307222222222,49.757783333333336,31,7094637,,,,MATAGAMI,,,79,0,2023-09-17 00:00:00,,6.4,31,2023,,99,11.6,,,15.6,,,,7094637.2023.9.17,17,,,9,,7.7,QC,,0
-77.79307222222222,49.757783333333336,,7094637,,,,MATAGAMI,,,54,0,2023-09-18 00:00:00,,7.1,,2023,,98,10.9,,,14.7,,,,7094637.2023.9.18,18,,,9,,7.1,QC,,0
-77.79307222222222,49.757783333333336,,7094637,,,,MATAGAMI,,,52,0,2023-09-19 00:00:00,,8.9,,2023,,96,9.1,,,15.1,,,,7094637.2023.9.19,19,,,9,,3.2,QC,,0
-77.79307222222222,49.757783333333336,,7094637,,,,MATAGAMI,,,39,0,2023-09-20 00:00:00,,8.8,,2023,,99,9.2,,,18.4,,,,7094637.2023.9.20,20,,,9,,-0.1,QC,,0
-77.79307222222222,49.757783333333336,,7094637,,,,MATAGAMI,,,29,0,2023-09-21 00:00:00,,6.5,,2023,,98,11.5,,,22.4,,,,7094637.2023.9.21,21,,,9,,0.5,QC,,0
-77.79307222222222,49.757783333333336,,7094637,,,,MATAGAMI,,,57,0,2023-09-22 00:00:00,,3.2,,2023,,87,14.8,,,19,,,,7094637.2023.9.22,22,,,9,,10.5,QC,,0
-77.79307222222222,49.757783333333336,,7094637,,,,MATAGAMI,,,37,0,2023-09-23 00:00:00,,6.1,,2023,,90,11.9,,,19.6,,,,7094637.2023.9.23,23,,,9,,4.1,QC,,0
-77.79307222222222,49.757783333333336,,7094637,,,,MATAGAMI,,,38,0,2023-09-24 00:00:00,,7.8,,2023,,98,10.2,,,19,,,,7094637.2023.9.24,24,,,9,,1.4,QC,,0
-77.79307222222222,49.757783333333336,,7094637,,,,MATAGAMI,,,37,0,2023-09-25 00:00:00,,6.7,,2023,,99,11.3,,,19.1,,,,7094637.2023.9.25,25,,,9,,3.5,QC,,0
-77.79307222222222,49.757783333333336,,7094637,,,,MATAGAMI,,,36,0,2023-09-26 00:00:00,,6.6,,2023,,97,11.4,,,19.7,,,,7094637.2023.9.26,26,,,9,,3.1,QC,,0
-77.79307222222222,49.757783333333336,,7094637,,,,MATAGAMI,,,36,0,2023-09-27 00:00:00,,8.2,,2023,,98,9.8,,,19.1,,,,7094637.2023.9.27,27,,,9,,0.4,QC,,0
-77.79307222222222,49.757783333333336,,7094637,,,,MATAGAMI,,,31,0,2023-09-28 00:00:00,,6.7,,2023,,99,11.3,,,21.6,,,,7094637.2023.9.28,28,,,9,,1,QC,,0
-77.79307222222222,49.757783333333336,,7094637,,,,MATAGAMI,,,28,0,2023-09-29 00:00:00,,5,,2023,,98,13,,,22,,,,7094637.2023.9.29,29,,,9,,4,QC,,0
-77.79307222222222,49.757783333333336,31,7094637,,,,MATAGAMI,,,50,0,2023-09-30 00:00:00,,2.7,27,2023,,98,15.3,,,23.3,,,,7094637.2023.9.30,30,,,9,,7.3,QC,,0
-77.79307222222222,49.757783333333336,,7094637,,,,MATAGAMI,,,45,0,2023-10-01 00:00:00,,4,,2023,,99,14,,,22.1,,,,7094637.2023.10.1,1,,,10,,5.9,QC,,0
-77.79307222222222,49.757783333333336,44,7094637,,,,MATAGAMI,,,64,4.1,2023-10-02 00:00:00,,1.1,22,2023,,98,16.9,,,24.1,,,,7094637.2023.10.2,2,,,10,,9.7,QC,,0
-77.79307222222222,49.757783333333336,,7094637,,,,MATAGAMI,,,83,5.8,2023-10-03 00:00:00,,2.5,,2023,,98,15.5,,,19.2,,,,7094637.2023.10.3,3,,,10,,11.7,QC,,0
-77.79307222222222,49.757783333333336,41,7094637,,,,MATAGAMI,,,43,0,2023-10-04 00:00:00,,0,24,2023,,92,20.6,,,27.9,,,,7094637.2023.10.4,4,,,10,,13.3,QC,,2.6
-77.79307222222222,49.757783333333336,,7094637,M,M,M,MATAGAMI,,,,,2023-10-05 00:00:00,M,,,2023,M,,,,,,M,,M,7094637.2023.10.5,5,M,M,10,M,,QC,,
-77.79307222222222,49.757783333333336,31,7094637,,,,MATAGAMI,,,59,10.2,2023-10-06 00:00:00,,4.7,21,2023,,99,13.3,,,18.5,,,,7094637.2023.10.6,6,,,10,,8.1,QC,,0
-77.79307222222222,49.757783333333336,35,7094637,,,,MATAGAMI,,,87,6.2,2023-10-07 00:00:00,,9.9,36,2023,,99,8.1,,,10.9,,,,7094637.2023.10.7,7,,,10,,5.4,QC,,0
-77.79307222222222,49.757783333333336,50,7094637,,,,MATAGAMI,,,93,21.3,2023-10-08 00:00:00,,9.3,6,2023,,99,8.7,,,13.2,,,,7094637.2023.10.8,8,,,10,,4.2,QC,,0
-77.79307222222222,49.757783333333336,39,7094637,,,,MATAGAMI,,,90,3.3,2023-10-09 00:00:00,,14.2,12,2023,,96,3.8,,,5.1,,,,7094637.2023.10.9,9,,,10,,2.6,QC,,0
-77.79307222222222,49.757783333333336,,7094637,,,,MATAGAMI,,,89,6,2023-10-10 00:00:00,,13.1,,2023,,99,4.9,,,7.6,,,,7094637.2023.10.10,10,,,10,,2.2,QC,,0
-77.79307222222222,49.757783333333336,31,7094637,,,,MATAGAMI,,,86,10.9,2023-10-11 00:00:00,,12.6,11,2023,,100,5.4,,,8.8,,,,7094637.2023.10.11,11,,,10,,2,QC,,0
-77.79307222222222,49.757783333333336,,7094637,,,,MATAGAMI,,,75,5.5,2023-10-12 00:00:00,,9,,2023,,99,9,,,11.9,,,,7094637.2023.10.12,12,,,10,,6,QC,,0
-77.79307222222222,49.757783333333336,,7094637,,,,MATAGAMI,,,83,0.1,2023-10-13 00:00:00,,10.4,,2023,,99,7.6,,,9.9,,,,7094637.2023.10.13,13,,,10,,5.3,QC,,0
-77.79307222222222,49.757783333333336,32,7094637,,,,MATAGAMI,,,80,1.8,2023-10-14 00:00:00,,10.8,31,2023,,99,7.2,,,9.6,,,,7094637.2023.10.14,14,,,10,,4.8,QC,,0
-77.79307222222222,49.757783333333336,37,7094637,,,,MATAGAMI,,,61,1.4,2023-10-15 00:00:00,,9.3,35,2023,,98,8.7,,,13.5,,,,7094637.2023.10.15,15,,,10,,3.9,QC,,0
-77.79307222222222,49.757783333333336,33,7094637,,,,MATAGAMI,,,57,0,2023-10-16 00:00:00,,12.1,35,2023,,99,5.9,,,10.7,,,,7094637.2023.10.16,16,,,10,,1,QC,,0
-77.79307222222222,49.757783333333336,,7094637,,,,MATAGAMI,,,54,0,2023-10-17 00:00:00,,12,,2023,,100,6,,,11.8,,,,7094637.2023.10.17,17,,,10,,0.3,QC,,0
-77.79307222222222,49.757783333333336,,7094637,,,,MATAGAMI,,,69,0,2023-10-18 00:00:00,,14.3,,2023,,98,3.7,,,9.3,,,,7094637.2023.10.18,18,,,10,,-1.9,QC,,0
-77.79307222222222,49.757783333333336,,7094637,,,,MATAGAMI,,,86,13.5,2023-10-19 00:00:00,,9.8,,2023,,98,8.2,,,9.6,,,,7094637.2023.10.19,19,,,10,,6.8,QC,,0
-77.79307222222222,49.757783333333336,,7094637,,,,MATAGAMI,,,94,8.1,2023-10-20 00:00:00,,12.3,,2023,,99,5.7,,,9.2,,,,7094637.2023.10.20,20,,,10,,2.1,QC,,0
-77.79307222222222,49.757783333333336,40,7094637,,,,MATAGAMI,,,68,0.3,2023-10-21 00:00:00,,14.3,35,2023,,97,3.7,,,6.1,,,,7094637.2023.10.21,21,,,10,,1.3,QC,,0
-77.79307222222222,49.757783333333336,42,7094637,,,,MATAGAMI,,,54,0,2023-10-22 00:00:00,,15.9,34,2023,,96,2.1,,,7,,,,7094637.2023.10.22,22,,,10,,-2.8,QC,,0
-77.79307222222222,49.757783333333336,,7094637,,,,MATAGAMI,,,48,0,2023-10-23 00:00:00,,15.4,,2023,,96,2.6,,,9,,,,7094637.2023.10.23,23,,,10,,-3.9,QC,,0
-77.79307222222222,49.757783333333336,,7094637,,,,MATAGAMI,,,73,6.6,2023-10-24 00:00:00,,11.3,,2023,,99,6.7,,,8.8,,,,7094637.2023.10.24,24,,,10,,4.6,QC,,0
-77.79307222222222,49.757783333333336,,7094637,,,,MATAGAMI,,,95,2.1,2023-10-25 00:00:00,,13.6,,2023,,99,4.4,,,7.7,,,,7094637.2023.10.25,25,,,10,,1,QC,,0
-77.79307222222222,49.757783333333336,,7094637,,,,MATAGAMI,,,85,2.4,2023-10-26 00:00:00,,16.2,,2023,,98,1.8,,,2.7,,,,7094637.2023.10.26,26,,,10,,0.8,QC,,0
-77.79307222222222,49.757783333333336,41,7094637,,,,MATAGAMI,,,91,2.4,2023-10-27 00:00:00,,12.9,29,2023,,99,5.1,,,8.6,,,,7094637.2023.10.27,27,,,10,,1.5,QC,,0
-77.79307222222222,49.757783333333336,49,7094637,,,,MATAGAMI,,,73,0.5,2023-10-28 00:00:00,,18.9,29,2023,,96,-0.9,,,1.6,,,,7094637.2023.10.28,28,,,10,,-3.4,QC,,0
-77.79307222222222,49.757783333333336,,7094637,,,,MATAGAMI,,,78,0.8,2023-10-29 00:00:00,,21.2,,2023,,96,-3.2,,,-0.3,,,,7094637.2023.10.29,29,,,10,,-6.2,QC,,0
-77.79307222222222,49.757783333333336,,7094637,,,,MATAGAMI,,,67,0.2,2023-10-30 00:00:00,,21.6,,2023,,96,-3.6,,,0.4,,,,7094637.2023.10.30,30,,,10,,-7.5,QC,,0
-77.79307222222222,49.757783333333336,,7094637,,,,MATAGAMI,,,60,0,2023-10-31 00:00:00,,23.8,,2023,,92,-5.8,,,-1.6,,,,7094637.2023.10.31,31,,,10,,-10,QC,,0
-77.79307222222222,49.757783333333336,36,7094637,,,,MATAGAMI,,,45,0,2023-11-01 00:00:00,,21.7,22,2023,,85,-3.7,,,-0.9,,,,7094637.2023.11.1,1,,,11,,-6.4,QC,,0
-77.79307222222222,49.757783333333336,32,7094637,,,,MATAGAMI,,,68,0.3,2023-11-02 00:00:00,,19.9,24,2023,,93,-1.9,,,1,,,,7094637.2023.11.2,2,,,11,,-4.8,QC,,0
-77.79307222222222,49.757783333333336,48,7094637,,,,MATAGAMI,,,82,5.7,2023-11-03 00:00:00,,19.8,29,2023,,98,-1.8,,,2.7,,1,,7094637.2023.11.3,3,,,11,,-6.4,QC,,0
-77.79307222222222,49.757783333333336,37,7094637,,,,MATAGAMI,,,72,0,2023-11-04 00:00:00,,23.9,24,2023,,89,-5.9,,,-2.5,,,,7094637.2023.11.4,4,,,11,,-9.3,QC,,0
-77.79307222222222,49.757783333333336,,7094637,,,,MATAGAMI,,,62,0,2023-11-05 00:00:00,,25,,2023,,90,-7,,,-2.8,,,,7094637.2023.11.5,5,,,11,,-11.2,QC,,0
-77.79307222222222,49.757783333333336,37,7094637,,,,MATAGAMI,,,85,14.2,2023-11-06 00:00:00,,25.2,10,2023,,95,-7.2,,,-3.1,,,,7094637.2023.11.6,6,,,11,,-11.4,QC,,0
-77.79307222222222,49.757783333333336,41,7094637,,,,MATAGAMI,,,76,0.1,2023-11-07 00:00:00,,24.6,36,2023,,94,-6.6,,,-3.4,,17,,7094637.2023.11.7,7,,,11,,-9.8,QC,,0
-77.79307222222222,49.757783333333336,,7094637,,,,MATAGAMI,,,60,0,2023-11-08 00:00:00,,27.1,,2023,,92,-9.1,,,-2.6,,12,,7094637.2023.11.8,8,,,11,,-15.5,QC,,0
-77.79307222222222,49.757783333333336,,7094637,,,,MATAGAMI,,,79,4.5,2023-11-09 00:00:00,,24.2,,2023,,94,-6.2,,,-4.8,,11,,7094637.2023.11.9,9,,,11,,-7.6,QC,,0
-77.79307222222222,49.757783333333336,33,7094637,,,,MATAGAMI,,,83,1.1,2023-11-10 00:00:00,,23,31,2023,,96,-5,,,-2.7,,14,,7094637.2023.11.10,10,,,11,,-7.3,QC,,0
-77.79307222222222,49.757783333333336,,7094637,,,,MATAGAMI,,,73,0,2023-11-11 00:00:00,,21.8,,2023,,90,-3.8,,,-2,,15,,7094637.2023.11.11,11,,,11,,-5.6,QC,,0
-77.79307222222222,49.757783333333336,,7094637,,,,MATAGAMI,,,84,0,2023-11-12 00:00:00,,21.2,,2023,,92,-3.2,,,-1.9,,14,,7094637.2023.11.12,12,,,11,,-4.5,QC,,0
-77.79307222222222,49.757783333333336,36,7094637,,,,MATAGAMI,,,85,2.6,2023-11-13 00:00:00,,19.7,15,2023,,99,-1.7,,,0.4,,15,,7094637.2023.11.13,13,,,11,,-3.8,QC,,0
-77.79307222222222,49.757783333333336,36,7094637,,,,MATAGAMI,,,83,0.6,2023-11-14 00:00:00,,18.8,17,2023,,97,-0.8,,,0.1,,17,,7094637.2023.11.14,14,,,11,,-1.7,QC,,0
-77.79307222222222,49.757783333333336,35,7094637,,,,MATAGAMI,,,73,0,2023-11-15 00:00:00,,16,18,2023,,93,2,,,6.1,,16,,7094637.2023.11.15,15,,,11,,-2.1,QC,,0
-77.79307222222222,49.757783333333336,56,7094637,,,,MATAGAMI,,,51,0,2023-11-16 00:00:00,,16.1,19,2023,,89,1.9,,,8.6,,10,,7094637.2023.11.16,16,,,11,,-4.8,QC,,0
-77.79307222222222,49.757783333333336,52,7094637,,,,MATAGAMI,,,59,4.3,2023-11-17 00:00:00,,16,20,2023,,95,2,,,9,,5,,7094637.2023.11.17,17,,,11,,-5,QC,,0
-77.79307222222222,49.757783333333336,41,7094637,,,,MATAGAMI,,,66,0.6,2023-11-18 00:00:00,,22.6,18,2023,,96,-4.6,,,-2.3,,5,,7094637.2023.11.18,18,,,11,,-7,QC,,0
-77.79307222222222,49.757783333333336,39,7094637,,,,MATAGAMI,,,72,0,2023-11-19 00:00:00,,24.7,31,2023,,92,-6.7,,,-3.9,,6,,7094637.2023.11.19,19,,,11,,-9.4,QC,,0
-77.79307222222222,49.757783333333336,,7094637,,,,MATAGAMI,,,62,0,2023-11-20 00:00:00,,28.8,,2023,,89,-10.8,,,-6.7,,6,,7094637.2023.11.20,20,,,11,,-15,QC,,0
-77.79307222222222,49.757783333333336,37,7094637,,,,MATAGAMI,,,54,1.8,2023-11-21 00:00:00,,26.5,18,2023,,93,-8.5,,,-2.5,,6,,7094637.2023.11.21,21,,,11,,-14.4,QC,,0
-77.79307222222222,49.757783333333336,,7094637,,,,MATAGAMI,,,72,0,2023-11-22 00:00:00,,21.9,,2023,,95,-3.9,,,-2.5,,7,,7094637.2023.11.22,22,,,11,,-5.2,QC,,0
-77.79307222222222,49.757783333333336,33,7094637,,,,MATAGAMI,,,59,1.4,2023-11-23 00:00:00,,28.7,30,2023,,93,-10.7,,,-4.8,,7,,7094637.2023.11.23,23,,,11,,-16.6,QC,,0
-77.79307222222222,49.757783333333336,31,7094637,,,,MATAGAMI,,,64,0,2023-11-24 00:00:00,,32.1,26,2023,,85,-14.1,,,-11.6,,10,,7094637.2023.11.24,24,,,11,,-16.6,QC,,0
-77.79307222222222,49.757783333333336,42,7094637,,,,MATAGAMI,,,50,0,2023-11-25 00:00:00,,25.1,27,2023,,84,-7.1,,,1.3,,9,,7094637.2023.11.25,25,,,11,,-15.5,QC,,0
-77.79307222222222,49.757783333333336,,7094637,,,,MATAGAMI,,,64,2.9,2023-11-26 00:00:00,,22.4,,2023,,95,-4.4,,,-0.7,,7,,7094637.2023.11.26,26,,,11,,-8.2,QC,,0
-77.79307222222222,49.757783333333336,40,7094637,,,,MATAGAMI,,,82,2.6,2023-11-27 00:00:00,,24.8,26,2023,,96,-6.8,,,-1.1,,13,,7094637.2023.11.27,27,,,11,,-12.5,QC,,0
-77.79307222222222,49.757783333333336,65,7094637,,,,MATAGAMI,,,80,1.3,2023-11-28 00:00:00,,28.1,30,2023,,89,-10.1,,,-6.5,,15,,7094637.2023.11.28,28,,,11,,-13.7,QC,,0
-77.79307222222222,49.757783333333336,32,7094637,,,,MATAGAMI,,,82,3.2,2023-11-29 00:00:00,,28.1,26,2023,,94,-10.1,,,-3.4,,14,,7094637.2023.11.29,29,,,11,,-16.7,QC,,0
-77.79307222222222,49.757783333333336,32,7094637,,,,MATAGAMI,,,84,2.7,2023-11-30 00:00:00,,26.8,26,2023,,95,-8.8,,,-1,,18,,7094637.2023.11.30,30,,,11,,-16.7,QC,,0
-77.79307222222222,49.757783333333336,,7094637,,,,MATAGAMI,,,69,0,2023-12-01 00:00:00,,30.5,,2023,,89,-12.5,,,-7.4,,20,,7094637.2023.12.1,1,,,12,,-17.7,QC,,0
-77.79307222222222,49.757783333333336,,7094637,,,,MATAGAMI,,,76,0,2023-12-02 00:00:00,,29.5,,2023,,90,-11.5,,,-5.5,,19,,7094637.2023.12.2,2,,,12,,-17.6,QC,,0
-77.79307222222222,49.757783333333336,,7094637,,,,MATAGAMI,,,67,0,2023-12-03 00:00:00,,31.2,,2023,,88,-13.2,,,-6,,18,,7094637.2023.12.3,3,,,12,,-20.4,QC,,0
-77.79307222222222,49.757783333333336,,7094637,,,,MATAGAMI,,,62,0,2023-12-04 00:00:00,,31.3,,2023,,91,-13.3,,,-6.5,,19,,7094637.2023.12.4,4,,,12,,-20,QC,,0
-77.79307222222222,49.757783333333336,,7094637,,,,MATAGAMI,,,70,0,2023-12-05 00:00:00,,35.6,,2023,,87,-17.6,,,-10.6,,18,,7094637.2023.12.5,5,,,12,,-24.5,QC,,0
-77.79307222222222,49.757783333333336,,7094637,,,,MATAGAMI,,,70,0,2023-12-06 00:00:00,,36.7,,2023,,86,-18.7,,,-10.8,,18,,7094637.2023.12.6,6,,,12,,-26.7,QC,,0
-77.79307222222222,49.757783333333336,,7094637,,,,MATAGAMI,,,78,0,2023-12-07 00:00:00,,33,,2023,,93,-15,,,-8.9,,18,,7094637.2023.12.7,7,,,12,,-21.1,QC,,0
-77.79307222222222,49.757783333333336,36,7094637,,,,MATAGAMI,,,87,0,2023-12-08 00:00:00,,25.1,15,2023,,94,-7.1,,,-4.1,,18,,7094637.2023.12.8,8,,,12,,-10,QC,,0
-77.79307222222222,49.757783333333336,62,7094637,,,,MATAGAMI,,,82,3.3,2023-12-09 00:00:00,,17.1,23,2023,,97,0.9,,,6,,18,,7094637.2023.12.9,9,,,12,,-4.2,QC,,0
-77.79307222222222,49.757783333333336,49,7094637,,,,MATAGAMI,,,80,1.2,2023-12-10 00:00:00,,18.7,23,2023,,94,-0.7,,,5.1,,8,,7094637.2023.12.10,10,,,12,,-6.6,QC,,0
-77.79307222222222,49.757783333333336,33,7094637,,,,MATAGAMI,,,79,0.2,2023-12-11 00:00:00,,27.8,29,2023,,92,-9.8,,,-6.6,,11,,7094637.2023.12.11,11,,,12,,-13,QC,,0
-77.79307222222222,49.757783333333336,54,7094637,,,,MATAGAMI,,,67,1.3,2023-12-12 00:00:00,,26.1,28,2023,,89,-8.1,,,-3.3,,11,,7094637.2023.12.12,12,,,12,,-12.8,QC,,0
-77.79307222222222,49.757783333333336,40,7094637,,,,MATAGAMI,,,70,0.1,2023-12-13 00:00:00,,30.5,28,2023,,88,-12.5,,,-10.6,,13,,7094637.2023.12.13,13,,,12,,-14.4,QC,,0
-77.79307222222222,49.757783333333336,38,7094637,,,,MATAGAMI,,,67,0,2023-12-14 00:00:00,,24.9,18,2023,,87,-6.9,,,1.3,,13,,7094637.2023.12.14,14,,,12,,-15.1,QC,,0
-77.79307222222222,49.757783333333336,48,7094637,,,,MATAGAMI,,,59,0,2023-12-15 00:00:00,,23.4,28,2023,,86,-5.4,,,2.2,,12,,7094637.2023.12.15,15,,,12,,-13.1,QC,,0
-77.79307222222222,49.757783333333336,,7094637,,,,MATAGAMI,,,68,0.3,2023-12-16 00:00:00,,26.6,,2023,,92,-8.6,,,-2.6,,11,,7094637.2023.12.16,16,,,12,,-14.5,QC,,0
-77.79307222222222,49.757783333333336,35,7094637,,,,MATAGAMI,,,70,5,2023-12-17 00:00:00,,17,19,2023,,96,1,,,4.5,,11,,7094637.2023.12.17,17,,,12,,-2.6,QC,,0
-77.79307222222222,49.757783333333336,65,7094637,,,,MATAGAMI,,,76,1.1,2023-12-18 00:00:00,,21.3,35,2023,,99,-3.3,,,2.1,,9,,7094637.2023.12.18,18,,,12,,-8.8,QC,,0
-77.79307222222222,49.757783333333336,44,7094637,,,,MATAGAMI,,,75,0.4,2023-12-19 00:00:00,,28,31,2023,,88,-10,,,-7.7,,9,,7094637.2023.12.19,19,,,12,,-12.3,QC,,0
-77.79307222222222,49.757783333333336,41,7094637,,,,MATAGAMI,,,75,0.1,2023-12-20 00:00:00,,26.7,29,2023,,91,-8.7,,,-5.2,,10,,7094637.2023.12.20,20,,,12,,-12.2,QC,,0
-77.79307222222222,49.757783333333336,,7094637,,,,MATAGAMI,,,62,0,2023-12-21 00:00:00,,30.8,,2023,,87,-12.8,,,-9.7,,9,,7094637.2023.12.21,21,,,12,,-15.8,QC,,0
-77.79307222222222,49.757783333333336,,7094637,,,,MATAGAMI,,,63,0,2023-12-22 00:00:00,,27.4,,2023,,84,-9.4,,,-5.4,,9,,7094637.2023.12.22,22,,,12,,-13.3,QC,,0
-77.79307222222222,49.757783333333336,,7094637,,,,MATAGAMI,,,69,0,2023-12-23 00:00:00,,22.8,,2023,,80,-4.8,,,-1.4,,8,,7094637.2023.12.23,23,,,12,,-8.2,QC,,0
-77.79307222222222,49.757783333333336,37,7094637,,,,MATAGAMI,,,75,0,2023-12-24 00:00:00,,16.6,21,2023,,90,1.4,,,4.3,,8,,7094637.2023.12.24,24,,,12,,-1.5,QC,,0
-77.79307222222222,49.757783333333336,42,7094637,,,,MATAGAMI,,,86,0.6,2023-12-25 00:00:00,,18.4,21,2023,,98,-0.4,,,2.6,,6,,7094637.2023.12.25,25,,,12,,-3.3,QC,,0
-77.79307222222222,49.757783333333336,,7094637,,,,MATAGAMI,,,81,0,2023-12-26 00:00:00,,24.8,,2023,,92,-6.8,,,-3.3,,4,,7094637.2023.12.26,26,,,12,,-10.3,QC,,0
-77.79307222222222,49.757783333333336,,7094637,,,,MATAGAMI,,,67,0,2023-12-27 00:00:00,,25.5,,2023,,96,-7.5,,,0.2,,4,,7094637.2023.12.27,27,,,12,,-15.2,QC,,0
-77.79307222222222,49.757783333333336,,7094637,,,,MATAGAMI,,,91,0.2,2023-12-28 00:00:00,,23.1,,2023,,98,-5.1,,,-0.3,,4,,7094637.2023.12.28,28,,,12,,-9.9,QC,,0
-77.79307222222222,49.757783333333336,,7094637,,,,MATAGAMI,,,89,0,2023-12-29 00:00:00,,23.6,,2023,,95,-5.6,,,-2.7,,4,,7094637.2023.12.29,29,,,12,,-8.5,QC,,0
-77.79307222222222,49.757783333333336,,7094637,,,,MATAGAMI,,,90,0.3,2023-12-30 00:00:00,,27,,2023,,94,-9,,,-7.4,,5,,7094637.2023.12.30,30,,,12,,-10.6,QC,,0
-77.79307222222222,49.757783333333336,,7094637,,,,MATAGAMI,,,88,0.2,2023-12-31 00:00:00,,27.2,,2023,,92,-9.2,,,-7.5,,5,M,7094637.2023.12.31,31,,,12,M,-10.9,QC,,0
-77.79307222222222,49.757783333333336,,7094637,,,,MATAGAMI,,,67,0,2024-01-01 00:00:00,,26.7,,2024,,90,-8.7,,,-6.2,,5,M,7094637.2024.1.1,1,,,1,M,-11.3,QC,,0
-77.79307222222222,49.757783333333336,,7094637,,,,MATAGAMI,,,85,7.9,2024-01-02 00:00:00,,25,,2024,,94,-7,,,-3.2,,6,,7094637.2024.1.2,2,,,1,,-10.8,QC,,0
-77.79307222222222,49.757783333333336,,7094637,,,,MATAGAMI,,,73,0.9,2024-01-03 00:00:00,,31.5,,2024,,93,-13.5,,,-10.3,,16,,7094637.2024.1.3,3,,,1,,-16.7,QC,,0
-77.79307222222222,49.757783333333336,32,7094637,,,,MATAGAMI,,,80,0.1,2024-01-04 00:00:00,,35.1,31,2024,,89,-17.1,,,-13.8,,19,,7094637.2024.1.4,4,,,1,,-20.4,QC,,0
-77.79307222222222,49.757783333333336,41,7094637,,,,MATAGAMI,,,77,1.1,2024-01-05 00:00:00,,32.1,32,2024,,87,-14.1,,,-11,,18,,7094637.2024.1.5,5,,,1,,-17.2,QC,,0
-77.79307222222222,49.757783333333336,,7094637,,,,MATAGAMI,,,78,0,2024-01-06 00:00:00,,35.8,,2024,,84,-17.8,,,-15.9,,19,,7094637.2024.1.6,6,,,1,,-19.7,QC,,0
-77.79307222222222,49.757783333333336,,7094637,,,,MATAGAMI,,,79,1.9,2024-01-07 00:00:00,,32.1,,2024,,89,-14.1,,,-11.1,,19,,7094637.2024.1.7,7,,,1,,-17.1,QC,,0
-77.79307222222222,49.757783333333336,31,7094637,,,,MATAGAMI,,,76,0,2024-01-08 00:00:00,,36,29,2024,,88,-18,,,-13,,20,,7094637.2024.1.8,8,,,1,,-23.1,QC,,0
-77.79307222222222,49.757783333333336,,7094637,,,,MATAGAMI,,,75,4.3,2024-01-09 00:00:00,,35.4,,2024,,87,-17.4,,,-11.6,,19,,7094637.2024.1.9,9,,,1,,-23.2,QC,,0
-77.79307222222222,49.757783333333336,50,7094637,,,,MATAGAMI,,,82,2.4,2024-01-10 00:00:00,,29.1,30,2024,,90,-11.1,,,-8.2,,24,,7094637.2024.1.10,10,,,1,,-14,QC,,0
-77.79307222222222,49.757783333333336,32,7094637,,,,MATAGAMI,,,77,0.1,2024-01-11 00:00:00,,34.2,30,2024,,86,-16.2,,,-14,,25,,7094637.2024.1.11,11,,,1,,-18.4,QC,,0
-77.79307222222222,49.757783333333336,,7094637,,,,MATAGAMI,,,74,0,2024-01-12 00:00:00,,36.4,,2024,,86,-18.4,,,-16,,25,,7094637.2024.1.12,12,,,1,,-20.7,QC,,0
-77.79307222222222,49.757783333333336,39,7094637,,,,MATAGAMI,,,79,5.7,2024-01-13 00:00:00,,30.7,30,2024,,89,-12.7,,,-9.4,,24,,7094637.2024.1.13,13,,,1,,-16.1,QC,,0
-77.79307222222222,49.757783333333336,39,7094637,,,,MATAGAMI,,,75,0.8,2024-01-14 00:00:00,,35,28,2024,,83,-17,,,-13.8,,35,,7094637.2024.1.14,14,,,1,,-20.3,QC,,0
-77.79307222222222,49.757783333333336,38,7094637,,,,MATAGAMI,,,74,0.5,2024-01-15 00:00:00,,32.6,24,2024,,89,-14.6,,,-9.1,,31,,7094637.2024.1.15,15,,,1,,-20,QC,,0
-77.79307222222222,49.757783333333336,,7094637,,,,MATAGAMI,,,77,0,2024-01-16 00:00:00,,30.6,,2024,,89,-12.6,,,-8.9,,32,,7094637.2024.1.16,16,,,1,,-16.3,QC,,0
-77.79307222222222,49.757783333333336,,7094637,,,,MATAGAMI,,,78,0.5,2024-01-17 00:00:00,,34.6,,2024,,87,-16.6,,,-12.3,,33,,7094637.2024.1.17,17,,,1,,-20.9,QC,,0
-77.79307222222222,49.757783333333336,,7094637,,,,MATAGAMI,,,70,0,2024-01-18 00:00:00,,41.5,,2024,,80,-23.5,,,-19.3,,32,,7094637.2024.1.18,18,,,1,,-27.8,QC,,0
-77.79307222222222,49.757783333333336,41,7094637,,,,MATAGAMI,,,75,0.5,2024-01-19 00:00:00,,39.6,31,2024,,85,-21.6,,,-15.9,,32,,7094637.2024.1.19,19,,,1,,-27.4,QC,,0
-77.79307222222222,49.757783333333336,34,7094637,,,,MATAGAMI,,,75,0,2024-01-20 00:00:00,,35.9,31,2024,,86,-17.9,,,-16.1,,34,,7094637.2024.1.20,20,,,1,,-19.7,QC,,0
-77.79307222222222,49.757783333333336,35,7094637,,,,MATAGAMI,,,64,1.1,2024-01-21 00:00:00,,30.5,24,2024,,88,-12.5,,,-5.8,,37,,7094637.2024.1.21,21,,,1,,-19.2,QC,,0
-77.79307222222222,49.757783333333336,45,7094637,,,,MATAGAMI,,,77,7,2024-01-22 00:00:00,,29,31,2024,,91,-11,,,-3.5,,44,,7094637.2024.1.22,22,,,1,,-18.4,QC,,0
-77.79307222222222,49.757783333333336,35,7094637,,,,MATAGAMI,,,54,0,2024-01-23 00:00:00,,41.3,32,2024,,79,-23.3,,,-17.7,,46,,7094637.2024.1.23,23,,,1,,-28.9,QC,,0
-77.79307222222222,49.757783333333336,,7094637,,,,MATAGAMI,,,75,0.1,2024-01-24 00:00:00,,28.7,,2024,,96,-10.7,,,-3,,45,,7094637.2024.1.24,24,,,1,,-18.5,QC,,0
-77.79307222222222,49.757783333333336,,7094637,,,,MATAGAMI,,,78,0.1,2024-01-25 00:00:00,,21.4,,2024,,96,-3.4,,,-1.9,,44,,7094637.2024.1.25,25,,,1,,-4.9,QC,,0
-77.79307222222222,49.757783333333336,,7094637,,,,MATAGAMI,,,90,0.2,2024-01-26 00:00:00,,19,,2024,,98,-1,,,-0.2,,43,,7094637.2024.1.26,26,,,1,,-1.9,QC,,0
-77.79307222222222,49.757783333333336,,7094637,,,,MATAGAMI,,,86,0.1,2024-01-27 00:00:00,,18.5,,2024,,98,-0.5,,,1.6,,43,,7094637.2024.1.27,27,,,1,,-2.5,QC,,0
-77.79307222222222,49.757783333333336,,7094637,,,,MATAGAMI,,,82,0.1,2024-01-28 00:00:00,,24.1,,2024,,95,-6.1,,,-2.4,,41,,7094637.2024.1.28,28,,,1,,-9.7,QC,,0
-77.79307222222222,49.757783333333336,,7094637,,,,MATAGAMI,,,73,0,2024-01-29 00:00:00,,25.6,,2024,,91,-7.6,,,-6,,41,,7094637.2024.1.29,29,,,1,,-9.3,QC,,0
-77.79307222222222,49.757783333333336,33,7094637,,,,MATAGAMI,,,63,0,2024-01-30 00:00:00,,22.2,24,2024,,87,-4.2,,,1.2,,41,,7094637.2024.1.30,30,,,1,,-9.6,QC,,0
-77.79307222222222,49.757783333333336,34,7094637,,,,MATAGAMI,,,80,1.4,2024-01-31 00:00:00,,17.6,23,2024,,98,0.4,,,1.6,,41,,7094637.2024.1.31,31,,,1,,-0.9,QC,,0
-77.79307222222222,49.757783333333336,32,7094637,,,,MATAGAMI,,,84,2.8,2024-02-01 00:00:00,,25.3,33,2024,,99,-7.3,,,0.3,,43,,7094637.2024.2.1,1,,,2,,-14.9,QC,,0
-77.79307222222222,49.757783333333336,,7094637,,,,MATAGAMI,,,62,0,2024-02-02 00:00:00,,31.4,,2024,,90,-13.4,,,-6.3,,43,,7094637.2024.2.2,2,,,2,,-20.6,QC,,0
-77.79307222222222,49.757783333333336,,7094637,,,,MATAGAMI,,,66,0,2024-02-03 00:00:00,,23.3,,2024,,91,-5.3,,,-2.6,,43,,7094637.2024.2.3,3,,,2,,-8,QC,,0
-77.79307222222222,49.757783333333336,,7094637,,,,MATAGAMI,,,82,0,2024-02-04 00:00:00,,20.9,,2024,,94,-2.9,,,-1.6,,43,,7094637.2024.2.4,4,,,2,,-4.2,QC,,0
-77.79307222222222,49.757783333333336,,7094637,,,,MATAGAMI,,,70,0,2024-02-05 00:00:00,,25.3,,2024,,96,-7.3,,,-2.6,,42,,7094637.2024.2.5,5,,,2,,-12,QC,,0
-77.79307222222222,49.757783333333336,,7094637,,,,MATAGAMI,,,66,1,2024-02-06 00:00:00,,24.1,,2024,,96,-6.1,,,0.7,,42,,7094637.2024.2.6,6,,,2,,-12.9,QC,,0
-77.79307222222222,49.757783333333336,,7094637,,,,MATAGAMI,,,92,3.4,2024-02-07 00:00:00,,17.3,,2024,,99,0.7,,,2,,43,,7094637.2024.2.7,7,,,2,,-0.6,QC,,0
-77.79307222222222,49.757783333333336,36,7094637,,,,MATAGAMI,,,63,0,2024-02-08 00:00:00,,15.8,15,2024,,99,2.2,,,4.2,,43,,7094637.2024.2.8,8,,,2,,0.2,QC,,0
-77.79307222222222,49.757783333333336,36,7094637,,,,MATAGAMI,,,61,3.5,2024-02-09 00:00:00,,15.7,19,2024,,98,2.3,,,4.1,,40,,7094637.2024.2.9,9,,,2,,0.6,QC,,0
-77.79307222222222,49.757783333333336,,7094637,,,,MATAGAMI,,,85,1.5,2024-02-10 00:00:00,,20.9,,2024,,98,-2.9,,,1.3,,36,,7094637.2024.2.10,10,,,2,,-7.1,QC,,0
-77.79307222222222,49.757783333333336,,7094637,,,,MATAGAMI,,,74,1.3,2024-02-11 00:00:00,,27.2,,2024,,92,-9.2,,,-7.1,,37,,7094637.2024.2.11,11,,,2,,-11.2,QC,,0
-77.79307222222222,49.757783333333336,,7094637,,,,MATAGAMI,,,72,0.1,2024-02-12 00:00:00,,28.3,,2024,,90,-10.3,,,-7.8,,37,,7094637.2024.2.12,12,,,2,,-12.8,QC,,0
-77.79307222222222,49.757783333333336,35,7094637,,,,MATAGAMI,,,66,0,2024-02-13 00:00:00,,32.2,34,2024,,90,-14.2,,,-11.6,,38,,7094637.2024.2.13,13,,,2,,-16.8,QC,,0
-77.79307222222222,49.757783333333336,36,7094637,,,,MATAGAMI,,,59,0,2024-02-14 00:00:00,,35.6,31,2024,,85,-17.6,,,-12.1,,39,,7094637.2024.2.14,14,,,2,,-23,QC,,0
-77.79307222222222,49.757783333333336,,7094637,,,,MATAGAMI,,,64,2,2024-02-15 00:00:00,,33.1,,2024,,92,-15.1,,,-6.2,,37,,7094637.2024.2.15,15,,,2,,-24,QC,,0
-77.79307222222222,49.757783333333336,46,7094637,,,,MATAGAMI,,,75,1.1,2024-02-16 00:00:00,,33.7,32,2024,,91,-15.7,,,-8.4,,43,,7094637.2024.2.16,16,,,2,,-23,QC,,0
-77.79307222222222,49.757783333333336,,7094637,,,,MATAGAMI,,,56,0,2024-02-17 00:00:00,,39.3,,2024,,79,-21.3,,,-16.9,,42,,7094637.2024.2.17,17,,,2,,-25.8,QC,,0
-77.79307222222222,49.757783333333336,42,7094637,,,,MATAGAMI,,,67,0.4,2024-02-18 00:00:00,,34.7,31,2024,,81,-16.7,,,-11.3,,41,,7094637.2024.2.18,18,,,2,,-22,QC,,0
-77.79307222222222,49.757783333333336,35,7094637,,,,MATAGAMI,,,63,0,2024-02-19 00:00:00,,37.9,29,2024,,83,-19.9,,,-15.8,,41,,7094637.2024.2.19,19,,,2,,-24,QC,,0
-77.79307222222222,49.757783333333336,,7094637,,,,MATAGAMI,,,49,0,2024-02-20 00:00:00,,37.3,,2024,,81,-19.3,,,-9.7,,41,,7094637.2024.2.20,20,,,2,,-28.8,QC,,0
-77.79307222222222,49.757783333333336,35,7094637,,,,MATAGAMI,,,65,0.3,2024-02-21 00:00:00,,25.1,19,2024,,92,-7.1,,,-0.2,,42,,7094637.2024.2.21,21,,,2,,-14,QC,,0
-77.79307222222222,49.757783333333336,,7094637,,,,MATAGAMI,,,80,0.3,2024-02-22 00:00:00,,24.9,,2024,,95,-6.9,,,-1.6,,44,,7094637.2024.2.22,22,,,2,,-12.2,QC,,0
-77.79307222222222,49.757783333333336,56,7094637,,,,MATAGAMI,,,60,0.4,2024-02-23 00:00:00,,34.3,31,2024,,91,-16.3,,,-3.3,,43,,7094637.2024.2.23,23,,,2,,-29.2,QC,,0
-77.79307222222222,49.757783333333336,,7094637,,,,MATAGAMI,,,48,0,2024-02-24 00:00:00,,39.9,,2024,,78,-21.9,,,-11.4,,43,,7094637.2024.2.24,24,,,2,,-32.4,QC,,0
-77.79307222222222,49.757783333333336,46,7094637,,,,MATAGAMI,,,56,4.4,2024-02-25 00:00:00,,26.1,31,2024,,96,-8.1,,,-2,,43,,7094637.2024.2.25,25,,,2,,-14.2,QC,,0
-77.79307222222222,49.757783333333336,45,7094637,,,,MATAGAMI,,,63,1.1,2024-02-26 00:00:00,,32,31,2024,,88,-14,,,-9.3,,45,,7094637.2024.2.26,26,,,2,,-18.7,QC,,0
-77.79307222222222,49.757783333333336,,7094637,,,,MATAGAMI,,,68,3.1,2024-02-27 00:00:00,,20.2,,2024,,98,-2.2,,,4.9,,45,,7094637.2024.2.27,27,,,2,,-9.3,QC,,0
-77.79307222222222,49.757783333333336,46,7094637,,,,MATAGAMI,,,74,7.9,2024-02-28 00:00:00,,26.5,31,2024,,99,-8.5,,,5.1,,41,,7094637.2024.2.28,28,,,2,,-22,QC,,0
-77.79307222222222,49.757783333333336,37,7094637,,,,MATAGAMI,,,66,0,2024-02-29 00:00:00,,39.9,29,2024,,78,-21.9,,,-19,,44,,7094637.2024.2.29,29,,,2,,-24.8,QC,,0
-77.79307222222222,49.757783333333336,,7094637,,,,MATAGAMI,,,51,0,2024-03-01 00:00:00,,33.5,,2024,,86,-15.5,,,-4.2,,44,,7094637.2024.3.1,1,,,3,,-26.8,QC,,0
-77.79307222222222,49.757783333333336,37,7094637,,,,MATAGAMI,,,56,0,2024-03-02 00:00:00,,17.4,23,2024,,83,0.6,,,6.3,,44,,7094637.2024.3.2,2,,,3,,-5.2,QC,,0
-77.79307222222222,49.757783333333336,,7094637,,,,MATAGAMI,,,32,0,2024-03-03 00:00:00,,22.4,,2024,,70,-4.4,,,0.1,,43,,7094637.2024.3.3,3,,,3,,-8.9,QC,,0
-77.79307222222222,49.757783333333336,51,7094637,,,,MATAGAMI,,,53,7.2,2024-03-04 00:00:00,,18.1,12,2024,,99,-0.1,,,6,,43,,7094637.2024.3.4,4,,,3,,-6.3,QC,,0
-77.79307222222222,49.757783333333336,54,7094637,,,,MATAGAMI,,,58,14.9,2024-03-05 00:00:00,,20.4,27,2024,,99,-2.4,,,3.4,,40,,7094637.2024.3.5,5,,,3,,-8.1,QC,,0
-77.79307222222222,49.757783333333336,,7094637,,,,MATAGAMI,,,35,0,2024-03-06 00:00:00,,26.4,,2024,,88,-8.4,,,-2,,37,,7094637.2024.3.6,6,,,3,,-14.8,QC,,0
-77.79307222222222,49.757783333333336,,7094637,,,,MATAGAMI,,,33,0,2024-03-07 00:00:00,,27,,2024,,87,-9,,,0,,37,,7094637.2024.3.7,7,,,3,,-18,QC,,0
-77.79307222222222,49.757783333333336,33,7094637,,,,MATAGAMI,,,26,0,2024-03-08 00:00:00,,19.3,20,2024,,70,-1.3,,,7.8,,37,,7094637.2024.3.8,8,,,3,,-10.4,QC,,0
-77.79307222222222,49.757783333333336,34,7094637,,,,MATAGAMI,,,90,12.6,2024-03-09 00:00:00,,19.9,31,2024,,99,-1.9,,,3.1,,36,,7094637.2024.3.9,9,,,3,,-6.8,QC,,0
-77.79307222222222,49.757783333333336,53,7094637,,,,MATAGAMI,,,84,0.1,2024-03-10 00:00:00,,26.7,31,2024,,92,-8.7,,,-6.8,,48,,7094637.2024.3.10,10,,,3,,-10.6,QC,,0
-77.79307222222222,49.757783333333336,52,7094637,,,,MATAGAMI,,,69,0,2024-03-11 00:00:00,,26.7,32,2024,,92,-8.7,,,-3,,48,,7094637.2024.3.11,11,,,3,,-14.3,QC,,0
-77.79307222222222,49.757783333333336,,7094637,,,,MATAGAMI,,,39,0.4,2024-03-12 00:00:00,,26.1,,2024,,96,-8.1,,,3,,46,,7094637.2024.3.12,12,,,3,,-19.2,QC,,0
-77.79307222222222,49.757783333333336,,7094637,,,,MATAGAMI,,,55,0,2024-03-13 00:00:00,,20.3,,2024,,95,-2.3,,,5.1,,47,,7094637.2024.3.13,13,,,3,,-9.8,QC,,0
-77.79307222222222,49.757783333333336,,7094637,,,,MATAGAMI,,,56,1.4,2024-03-14 00:00:00,,19.2,,2024,,96,-1.2,,,3.6,,45,,7094637.2024.3.14,14,,,3,,-6,QC,,0
-77.79307222222222,49.757783333333336,,7094637,,,,MATAGAMI,,,72,0.1,2024-03-15 00:00:00,,26.5,,2024,,94,-8.5,,,-4.2,,46,,7094637.2024.3.15,15,,,3,,-12.9,QC,,0
-77.79307222222222,49.757783333333336,45,7094637,,,,MATAGAMI,,,44,0.5,2024-03-16 00:00:00,,21.7,15,2024,,93,-3.7,,,3.5,,45,,7094637.2024.3.16,16,,,3,,-10.8,QC,,0
-77.79307222222222,49.757783333333336,32,7094637,,,,MATAGAMI,,,77,4.5,2024-03-17 00:00:00,,20.6,32,2024,,96,-2.6,,,0.9,,44,,7094637.2024.3.17,17,,,3,,-6.1,QC,,0
-77.79307222222222,49.757783333333336,47,7094637,,,,MATAGAMI,,,75,0,2024-03-18 00:00:00,,27.8,33,2024,,90,-9.8,,,-6.1,,44,,7094637.2024.3.18,18,,,3,,-13.4,QC,,0
-77.79307222222222,49.757783333333336,,7094637,,,,MATAGAMI,,,55,0.1,2024-03-19 00:00:00,,29.8,,2024,,88,-11.8,,,-6.7,,44,,7094637.2024.3.19,19,,,3,,-16.8,QC,,0
-77.79307222222222,49.757783333333336,58,7094637,,,,MATAGAMI,,,67,1,2024-03-20 00:00:00,,29.6,32,2024,,87,-11.6,,,-5.8,,45,,7094637.2024.3.20,20,,,3,,-17.4,QC,,0
-77.79307222222222,49.757783333333336,44,7094637,,,,MATAGAMI,,,47,0,2024-03-21 00:00:00,,37.2,32,2024,,78,-19.2,,,-13.8,,44,,7094637.2024.3.21,21,,,3,,-24.6,QC,,0
-77.79307222222222,49.757783333333336,,7094637,,,,MATAGAMI,,,37,0,2024-03-22 00:00:00,,36,,2024,,81,-18,,,-7.6,,43,,7094637.2024.3.22,22,,,3,,-28.4,QC,,0
-77.79307222222222,49.757783333333336,42,7094637,,,,MATAGAMI,,,46,0.8,2024-03-23 00:00:00,,35.1,32,2024,,78,-17.1,,,-9.2,,43,,7094637.2024.3.23,23,,,3,,-24.9,QC,,0
-77.79307222222222,49.757783333333336,33,7094637,,,,MATAGAMI,,,31,0,2024-03-24 00:00:00,,34.3,24,2024,,81,-16.3,,,-5,,43,,7094637.2024.3.24,24,,,3,,-27.7,QC,,0
-77.79307222222222,49.757783333333336,,7094637,,,,MATAGAMI,,,34,0.5,2024-03-25 00:00:00,,23.1,,2024,,84,-5.1,,,0.6,,43,,7094637.2024.3.25,25,,,3,,-10.8,QC,,0
-77.79307222222222,49.757783333333336,46,7094637,,,,MATAGAMI,,,29,4.9,2024-03-26 00:00:00,,15.4,15,2024,,97,2.6,,,8.5,,45,,7094637.2024.3.26,26,,,3,,-3.3,QC,,0
-77.79307222222222,49.757783333333336,52,7094637,,,,MATAGAMI,,,62,4.7,2024-03-27 00:00:00,,14.3,20,2024,,97,3.7,,,7,,36,,7094637.2024.3.27,27,,,3,,0.4,QC,,0
-77.79307222222222,49.757783333333336,43,7094637,,,,MATAGAMI,,,42,0,2024-03-28 00:00:00,,18.2,21,2024,,82,-0.2,,,2.4,,29,,7094637.2024.3.28,28,,,3,,-2.7,QC,,0
-77.79307222222222,49.757783333333336,32,7094637,,,,MATAGAMI,,,51,0,2024-03-29 00:00:00,,22.8,33,2024,,86,-4.8,,,-2.5,,29,,7094637.2024.3.29,29,,,3,,-7.2,QC,,0
-77.79307222222222,49.757783333333336,43,7094637,,,,MATAGAMI,,,55,0,2024-03-30 00:00:00,,22.6,29,2024,,90,-4.6,,,-1,,29,,7094637.2024.3.30,30,,,3,,-8.2,QC,,0
-77.79307222222222,49.757783333333336,40,7094637,,,,MATAGAMI,,,46,0,2024-03-31 00:00:00,,21.8,26,2024,,88,-3.8,,,1.4,,28,,7094637.2024.3.31,31,,,3,,-9.1,QC,,0
-77.79307222222222,49.757783333333336,33,7094637,,,,MATAGAMI,,,34,0,2024-04-01 00:00:00,,22.7,35,2024,,71,-4.7,,,0.1,,28,,7094637.2024.4.1,1,,,4,,-9.5,QC,,0
-77.79307222222222,49.757783333333336,,7094637,,,,MATAGAMI,,,24,0,2024-04-02 00:00:00,,22.2,,2024,,83,-4.2,,,4.8,,27,,7094637.2024.4.2,2,,,4,,-13.1,QC,,0
-77.79307222222222,49.757783333333336,48,7094637,,,,MATAGAMI,,,41,0,2024-04-03 00:00:00,,16.3,11,2024,,66,1.7,,,6.5,,28,,7094637.2024.4.3,3,,,4,,-3.2,QC,,0
-77.79307222222222,49.757783333333336,49,7094637,,,,MATAGAMI,,,36,0,2024-04-04 00:00:00,,16.1,7,2024,,63,1.9,,,5.1,,24,,7094637.2024.4.4,4,,,4,,-1.4,QC,,0
-77.79307222222222,49.757783333333336,32,7094637,,,,MATAGAMI,,,42,0,2024-04-05 00:00:00,,14.5,35,2024,,83,3.5,,,8.4,,23,,7094637.2024.4.5,5,,,4,,-1.3,QC,,0
-77.79307222222222,49.757783333333336,36,7094637,,,,MATAGAMI,,,47,0,2024-04-06 00:00:00,,16,32,2024,,95,2,,,8,,21,,7094637.2024.4.6,6,,,4,,-4,QC,,0
-77.79307222222222,49.757783333333336,,7094637,,,,MATAGAMI,,,36,0,2024-04-07 00:00:00,,15.2,,2024,,96,2.8,,,10.9,,15,,7094637.2024.4.7,7,,,4,,-5.3,QC,,0
-77.79307222222222,49.757783333333336,,7094637,,,,MATAGAMI,,,22,0,2024-04-08 00:00:00,,13.7,,2024,,88,4.3,,,13.8,,11,,7094637.2024.4.8,8,,,4,,-5.3,QC,,0
-77.79307222222222,49.757783333333336,33,7094637,,,,MATAGAMI,,,21,0.3,2024-04-09 00:00:00,,9.6,11,2024,,65,8.4,,,17.8,,8,,7094637.2024.4.9,9,,,4,,-1.1,QC,,0
-77.79307222222222,49.757783333333336,,7094637,,,,MATAGAMI,,,59,5.3,2024-04-10 00:00:00,,10.5,,2024,,99,7.5,,,11,,1,,7094637.2024.4.10,10,,,4,,4.1,QC,,0
-77.79307222222222,49.757783333333336,,7094637,,,,MATAGAMI,,,38,2.8,2024-04-11 00:00:00,,8.7,,2024,,98,9.3,,,17.1,,0,,7094637.2024.4.11,11,,,4,,1.6,QC,,0
-77.79307222222222,49.757783333333336,41,7094637,,,,MATAGAMI,,,96,53.1,2024-04-12 00:00:00,,14,33,2024,,98,4,,,6.4,,1,,7094637.2024.4.12,12,,,4,,1.7,QC,,0
-77.79307222222222,49.757783333333336,62,7094637,,,,MATAGAMI,,,85,6.5,2024-04-13 00:00:00,,17.8,31,2024,,96,0.2,,,1.7,,1,,7094637.2024.4.13,13,,,4,,-1.3,QC,,0
-77.79307222222222,49.757783333333336,36,7094637,,,,MATAGAMI,,,41,0,2024-04-14 00:00:00,,16.7,30,2024,,93,1.3,,,6.7,,3,,7094637.2024.4.14,14,,,4,,-4.1,QC,,0
-77.79307222222222,49.757783333333336,61,7094637,,,,MATAGAMI,,,26,1.8,2024-04-15 00:00:00,,16.3,28,2024,,92,1.7,,,7.4,,0,,7094637.2024.4.15,15,,,4,,-4,QC,,0
-77.79307222222222,49.757783333333336,35,7094637,,,,MATAGAMI,,,69,0.2,2024-04-16 00:00:00,,20.2,31,2024,,94,-2.2,,,-0.6,,4,,7094637.2024.4.16,16,,,4,,-3.8,QC,,0
-77.79307222222222,49.757783333333336,42,7094637,,,,MATAGAMI,,,29,0,2024-04-17 00:00:00,,14.5,8,2024,,85,3.5,,,10.1,,2,,7094637.2024.4.17,17,,,4,,-3,QC,,0
-77.79307222222222,49.757783333333336,37,7094637,,,,MATAGAMI,,,39,0,2024-04-18 00:00:00,,11,16,2024,,98,7,,,12.5,,0,,7094637.2024.4.18,18,,,4,,1.5,QC,,0
-77.79307222222222,49.757783333333336,48,7094637,,,,MATAGAMI,,,92,11.1,2024-04-19 00:00:00,,14.1,26,2024,,99,3.9,,,7.3,,0,,7094637.2024.4.19,19,,,4,,0.5,QC,,0
-77.79307222222222,49.757783333333336,52,7094637,,,,MATAGAMI,,,68,1.1,2024-04-20 00:00:00,,16.9,31,2024,,96,1.1,,,4,,0,,7094637.2024.4.20,20,,,4,,-1.8,QC,,0
-77.79307222222222,49.757783333333336,43,7094637,,,,MATAGAMI,,,56,0.4,2024-04-21 00:00:00,,26,32,2024,,90,-8,,,-0.7,,0,,7094637.2024.4.21,21,,,4,,-15.4,QC,,0
-77.79307222222222,49.757783333333336,33,7094637,,,,MATAGAMI,,,32,0,2024-04-22 00:00:00,,24.2,25,2024,,86,-6.2,,,4.8,,,,7094637.2024.4.22,22,,,4,,-17.1,QC,,0
-77.79307222222222,49.757783333333336,46,7094637,,,,MATAGAMI,,,55,2.6,2024-04-23 00:00:00,,20.5,32,2024,,93,-2.5,,,6.8,,0,,7094637.2024.4.23,23,,,4,,-11.8,QC,,0
-77.79307222222222,49.757783333333336,45,7094637,,,,MATAGAMI,,,46,0,2024-04-24 00:00:00,,25.8,32,2024,,87,-7.8,,,-2.9,,,,7094637.2024.4.24,24,,,4,,-12.6,QC,,0
-77.79307222222222,49.757783333333336,34,7094637,,,,MATAGAMI,,,26,0,2024-04-25 00:00:00,,20.3,32,2024,,91,-2.3,,,8.5,,0,,7094637.2024.4.25,25,,,4,,-13.2,QC,,0
-77.79307222222222,49.757783333333336,38,7094637,,,,MATAGAMI,,,19,0,2024-04-26 00:00:00,,11.2,17,2024,,65,6.8,,,16.4,,0,,7094637.2024.4.26,26,,,4,,-2.9,QC,,0
-77.79307222222222,49.757783333333336,55,7094637,,,,MATAGAMI,,,28,6,2024-04-27 00:00:00,,9.3,18,2024,,97,8.7,,,16.6,,,,7094637.2024.4.27,27,,,4,,0.8,QC,,0
-77.79307222222222,49.757783333333336,53,7094637,,,,MATAGAMI,,,78,3.8,2024-04-28 00:00:00,,15.7,32,2024,,98,2.3,,,10.1,,,,7094637.2024.4.28,28,,,4,,-5.6,QC,,0
-77.79307222222222,49.757783333333336,37,7094637,,,,MATAGAMI,,,28,0,2024-04-29 00:00:00,,15.8,10,2024,,90,2.2,,,9.7,,,,7094637.2024.4.29,29,,,4,,-5.2,QC,,0
-77.79307222222222,49.757783333333336,37,7094637,,,,MATAGAMI,,,29,0,2024-04-30 00:00:00,,10.9,11,2024,,69,7.1,,,10.4,,,,7094637.2024.4.30,30,,,4,,3.8,QC,,0
-77.79307222222222,49.757783333333336,,7094637,,,,MATAGAMI,,,86,6.1,2024-05-01 00:00:00,,11.2,,2024,,99,6.8,,,9.9,,,,7094637.2024.5.1,1,,,5,,3.7,QC,,0
-77.79307222222222,49.757783333333336,,7094637,,,,MATAGAMI,,,71,0,2024-05-02 00:00:00,,7.8,,2024,,99,10.2,,,13.6,,,,7094637.2024.5.2,2,,,5,,6.8,QC,,0
-77.79307222222222,49.757783333333336,39,7094637,,,,MATAGAMI,,,57,2.8,2024-05-03 00:00:00,,5.7,16,2024,,99,12.3,,,17.9,,,,7094637.2024.5.3,3,,,5,,6.7,QC,,0
-77.79307222222222,49.757783333333336,,7094637,,,,MATAGAMI,,,27,0,2024-05-04 00:00:00,,2.3,,2024,,99,15.7,,,22.9,,,,7094637.2024.5.4,4,,,5,,8.5,QC,,0
-77.79307222222222,49.757783333333336,47,7094637,,,,MATAGAMI,,,65,7.4,2024-05-05 00:00:00,,7.9,28,2024,,95,10.1,,,14.8,,,,7094637.2024.5.5,5,,,5,,5.4,QC,,0
-77.79307222222222,49.757783333333336,45,7094637,,,,MATAGAMI,,,48,0,2024-05-06 00:00:00,,9.7,29,2024,,95,8.3,,,14.3,,,,7094637.2024.5.6,6,,,5,,2.3,QC,,0
-77.79307222222222,49.757783333333336,,7094637,,,,MATAGAMI,,,60,0,2024-05-07 00:00:00,,13.1,,2024,,94,4.9,,,9.5,,,,7094637.2024.5.7,7,,,5,,0.3,QC,,0
-77.79307222222222,49.757783333333336,35,7094637,,,,MATAGAMI,,,44,0,2024-05-08 00:00:00,,12.8,8,2024,,98,5.2,,,12.1,,,,7094637.2024.5.8,8,,,5,,-1.6,QC,,0
-77.79307222222222,49.757783333333336,,7094637,,,,MATAGAMI,,,23,0,2024-05-09 00:00:00,,9.2,,2024,,88,8.8,,,16.1,,,,7094637.2024.5.9,9,,,5,,1.4,QC,,0
-77.79307222222222,49.757783333333336,,7094637,,,,MATAGAMI,,,23,0,2024-05-10 00:00:00,,9.3,,2024,,91,8.7,,,18.3,,,,7094637.2024.5.10,10,,,5,,-0.9,QC,,0
-77.79307222222222,49.757783333333336,40,7094637,,,,MATAGAMI,,,29,0,2024-05-11 00:00:00,,6,17,2024,,89,12,,,17.9,,,,7094637.2024.5.11,11,,,5,,6.1,QC,,0
-77.79307222222222,49.757783333333336,41,7094637,,,,MATAGAMI,,,29,0.4,2024-05-12 00:00:00,,6.3,17,2024,,92,11.7,,,20.5,,,,7094637.2024.5.12,12,,,5,,2.8,QC,,0
-77.79307222222222,49.757783333333336,39,7094637,,,,MATAGAMI,,,62,3.2,2024-05-13 00:00:00,,7.6,30,2024,,96,10.4,,,15.6,,,,7094637.2024.5.13,13,,,5,,5.3,QC,,0
-77.79307222222222,49.757783333333336,,7094637,,,,MATAGAMI,,,60,0,2024-05-14 00:00:00,,12,,2024,,96,6,,,9.2,,,,7094637.2024.5.14,14,,,5,,2.8,QC,,0
-77.79307222222222,49.757783333333336,,7094637,,,,MATAGAMI,,,49,0,2024-05-15 00:00:00,,10.4,,2024,,96,7.6,,,13.8,,,,7094637.2024.5.15,15,,,5,,1.5,QC,,0
-77.79307222222222,49.757783333333336,,7094637,,,,MATAGAMI,,,29,0,2024-05-16 00:00:00,,9.2,,2024,,98,8.8,,,19,,,,7094637.2024.5.16,16,,,5,,-1.5,QC,,0
-77.79307222222222,49.757783333333336,44,7094637,,,,MATAGAMI,,,49,31.9,2024-05-17 00:00:00,,2.2,24,2024,,97,15.8,,,22,,,,7094637.2024.5.17,17,,,5,,9.6,QC,,0
-77.79307222222222,49.757783333333336,,7094637,,,,MATAGAMI,,,51,1.3,2024-05-18 00:00:00,,0.8,,2024,,97,17.2,,,21.7,,,,7094637.2024.5.18,18,,,5,,12.7,QC,,0
-77.79307222222222,49.757783333333336,46,7094637,,,,MATAGAMI,,,19,6.7,2024-05-19 00:00:00,,0,25,2024,,89,18.2,,,26.6,,,,7094637.2024.5.19,19,,,5,,9.8,QC,,0.2
-77.79307222222222,49.757783333333336,45,7094637,,,,MATAGAMI,,,23,0,2024-05-20 00:00:00,,1.8,26,2024,,72,16.2,,,25.2,,,,7094637.2024.5.20,20,,,5,,7.2,QC,,0
-77.79307222222222,49.757783333333336,,7094637,,,,MATAGAMI,,,32,0,2024-05-21 00:00:00,,2.4,,2024,,76,15.6,,,22.4,,,,7094637.2024.5.21,21,,,5,,8.7,QC,,0
-77.79307222222222,49.757783333333336,64,7094637,,,,MATAGAMI,,,36,14.7,2024-05-22 00:00:00,,0,20,2024,,95,18.2,,,28.1,,,,7094637.2024.5.22,22,,,5,,8.3,QC,,0.2
-77.79307222222222,49.757783333333336,51,7094637,,,,MATAGAMI,,,48,6.2,2024-05-23 00:00:00,,6.3,24,2024,,94,11.7,,,19.3,,,,7094637.2024.5.23,23,,,5,,4.2,QC,,0
-77.79307222222222,49.757783333333336,48,7094637,,,,MATAGAMI,,,71,0.1,2024-05-24 00:00:00,,12.1,31,2024,,98,5.9,,,11.2,,,,7094637.2024.5.24,24,,,5,,0.5,QC,,0
-77.79307222222222,49.757783333333336,,7094637,,,,MATAGAMI,,,36,0,2024-05-25 00:00:00,,9.3,,2024,,99,8.7,,,18.6,,,,7094637.2024.5.25,25,,,5,,-1.2,QC,,0
-77.79307222222222,49.757783333333336,,7094637,M,M,M,MATAGAMI,,,,,2024-05-26 00:00:00,M,,,2024,M,,,,,,M,,M,7094637.2024.5.26,26,M,M,5,M,,QC,,
-77.79307222222222,49.757783333333336,,7094637,M,M,M,MATAGAMI,,,,,2024-05-27 00:00:00,M,,,2024,M,,,,,,M,,M,7094637.2024.5.27,27,M,M,5,M,,QC,,
-77.79307222222222,49.757783333333336,59,7094637,,,,MATAGAMI,,,65,6.8,2024-05-28 00:00:00,,12.1,30,2024,,99,5.9,,,12.5,,,,7094637.2024.5.28,28,,,5,,-0.7,QC,,0
-77.79307222222222,49.757783333333336,38,7094637,,,,MATAGAMI,,,48,0.1,2024-05-29 00:00:00,,12.9,30,2024,,96,5.1,,,11,,,,7094637.2024.5.29,29,,,5,,-0.8,QC,,0
-77.79307222222222,49.757783333333336,32,7094637,,,,MATAGAMI,,,23,0,2024-05-30 00:00:00,,9.5,35,2024,,96,8.5,,,18,,,,7094637.2024.5.30,30,,,5,,-1.1,QC,,0
-77.79307222222222,49.757783333333336,31,7094637,,,,MATAGAMI,,,19,0,2024-05-31 00:00:00,,2.8,29,2024,,74,15.2,,,26.1,,,,7094637.2024.5.31,31,,,5,,4.4,QC,,0
-77.79307222222222,49.757783333333336,37,7094637,,,,MATAGAMI,,,35,0,2024-06-01 00:00:00,,0,19,2024,,60,19.7,,,26.4,,,,7094637.2024.6.1,1,,,6,,13,QC,,1.7
-77.79307222222222,49.757783333333336,41,7094637,,,,MATAGAMI,,,44,9.4,2024-06-02 00:00:00,,1.8,31,2024,,100,16.2,,,23.5,,,,7094637.2024.6.2,2,,,6,,9,QC,,0
-77.79307222222222,49.757783333333336,,7094637,,,,MATAGAMI,,,28,0,2024-06-03 00:00:00,,1.8,,2024,,100,16.2,,,26.2,,,,7094637.2024.6.3,3,,,6,,6.3,QC,,0
-77.79307222222222,49.757783333333336,35,7094637,,,,MATAGAMI,,,39,0,2024-06-04 00:00:00,,0,18,2024,,83,20.8,,,28.2,,,,7094637.2024.6.4,4,,,6,,13.4,QC,,2.8
-77.79307222222222,49.757783333333336,35,7094637,,,,MATAGAMI,,,32,0,2024-06-05 00:00:00,,0,15,2024,,80,22.8,,,30.3,,,,7094637.2024.6.5,5,,,6,,15.3,QC,,4.8
-77.79307222222222,49.757783333333336,,7094637,,,,MATAGAMI,,,71,35.6,2024-06-06 00:00:00,,0.3,,2024,,99,17.7,,,21.3,,,,7094637.2024.6.6,6,,,6,,14.1,QC,,0
-77.79307222222222,49.757783333333336,32,7094637,,,,MATAGAMI,,,54,20.9,2024-06-07 00:00:00,,1.6,16,2024,,100,16.4,,,22.3,,,,7094637.2024.6.7,7,,,6,,10.5,QC,,0
-77.79307222222222,49.757783333333336,,7094637,,,,MATAGAMI,,,79,1.8,2024-06-08 00:00:00,,4.8,,2024,,100,13.2,,,16.2,,,,7094637.2024.6.8,8,,,6,,10.2,QC,,0
-77.79307222222222,49.757783333333336,52,7094637,,,,MATAGAMI,,,90,14.5,2024-06-09 00:00:00,,9.9,31,2024,,98,8.1,,,13.2,,,,7094637.2024.6.9,9,,,6,,3.1,QC,,0
-77.79307222222222,49.757783333333336,46,7094637,,,,MATAGAMI,,,63,1.1,2024-06-10 00:00:00,,10.9,34,2024,,100,7.1,,,11.9,,,,7094637.2024.6.10,10,,,6,,2.4,QC,,0
-77.79307222222222,49.757783333333336,,7094637,,,,MATAGAMI,,,28,0,2024-06-11 00:00:00,,7,,2024,,98,11,,,21.8,,,,7094637.2024.6.11,11,,,6,,0.3,QC,,0
-77.79307222222222,49.757783333333336,51,7094637,,,,MATAGAMI,,,33,2.4,2024-06-12 00:00:00,,1.8,17,2024,,87,16.2,,,23.9,,,,7094637.2024.6.12,12,,,6,,8.5,QC,,0
-77.79307222222222,49.757783333333336,42,7094637,,,,MATAGAMI,,,61,49.3,2024-06-13 00:00:00,,2.5,33,2024,,98,15.5,,,23,,,,7094637.2024.6.13,13,,,6,,8,QC,,0
-77.79307222222222,49.757783333333336,53,7094637,,,,MATAGAMI,,,53,0,2024-06-14 00:00:00,,8.7,30,2024,,98,9.3,,,12.9,,,,7094637.2024.6.14,14,,,6,,5.6,QC,,0
-77.79307222222222,49.757783333333336,,7094637,,,,MATAGAMI,,,34,0,2024-06-15 00:00:00,,7.1,,2024,,92,10.9,,,18.3,,,,7094637.2024.6.15,15,,,6,,3.4,QC,,0
-77.79307222222222,49.757783333333336,49,7094637,,,,MATAGAMI,,,37,3.5,2024-06-16 00:00:00,,1.2,19,2024,,95,16.8,,,24.9,,,,7094637.2024.6.16,16,,,6,,8.7,QC,,0
-77.79307222222222,49.757783333333336,39,7094637,,,,MATAGAMI,,,56,0.8,2024-06-17 00:00:00,,0,18,2024,,96,21.1,,,29.2,,,,7094637.2024.6.17,17,,,6,,13.1,QC,,3.1
-77.79307222222222,49.757783333333336,38,7094637,,,,MATAGAMI,,,50,0.4,2024-06-18 00:00:00,,0,23,2024,,99,24.8,,,31.4,,,,7094637.2024.6.18,18,,,6,,18.3,QC,,6.8
